Player Name,Team Name,Age,Height,Position,Value,Saison,von,bis,Verletzung,Player URL
1 Maria Luisa Grohs,FC Bayern München,23,"1,80",Tor,125.000 €,24/25,16.11.2024,,Tumor,https://www.soccerdonna.de/de/maria-luisa-grohs/profil/spieler_31440.html
1 Maria Luisa Grohs,FC Bayern München,23,"1,80",Tor,125.000 €,24/25,21.10.2024,07.11.2024,Operation,https://www.soccerdonna.de/de/maria-luisa-grohs/profil/spieler_31440.html
32 Ena Mahmutovic,FC Bayern München,21,"1,77",Tor,90.000 €,24/25,09.08.2024,12.09.2024,Fußverletzung,https://www.soccerdonna.de/de/ena-mahmutovic/profil/spieler_33305.html
41 Anna Wellmann,FC Bayern München,29,"1,75",Tor,20.000 €,24/25,09.08.2024,11.08.2024,muskuläre Probleme,https://www.soccerdonna.de/de/anna-wellmann/profil/spieler_29358.html
1 Juliane Schmid,FC Bayern München,20,Unknown,Tor,unbekannt,00/00,00.00.0000,00.00.0000,No injury info,https://www.soccerdonna.de/de/juliane-schmid/profil/spieler_41932.html
22 Veronika Litzlfelder,FC Bayern München,18,Unknown,Tor,unbekannt,00/00,00.00.0000,00.00.0000,No injury info,https://www.soccerdonna.de/de/veronika-litzlfelder/profil/spieler_72471.html
2 Linda Sembrant,FC Bayern München,37,"1,75",Abwehr - Innenverteidigung,20.000 €,22/23,25.03.2023,09.04.2023,Nasenbeinbruch,https://www.soccerdonna.de/de/linda-sembrant/profil/spieler_1767.html
2 Linda Sembrant,FC Bayern München,37,"1,75",Abwehr - Innenverteidigung,20.000 €,20/21,23.05.2021,31.12.2021,Kreuzbandriss,https://www.soccerdonna.de/de/linda-sembrant/profil/spieler_1767.html
4 Glódís Perla Viggósdóttir,FC Bayern München,29,"1,73",Abwehr - Innenverteidigung,200.000 €,00/00,00.00.0000,00.00.0000,No injury info,https://www.soccerdonna.de/de/glodis-perla-viggosdottir/profil/spieler_17904.html
5 Magdalena Eriksson,FC Bayern München,31,"1,73",Abwehr - Innenverteidigung,220.000 €,23/24,14.12.2023,15.03.2024,Mittelfußbruch,https://www.soccerdonna.de/de/magdalena-eriksson/profil/spieler_7497.html
5 Magdalena Eriksson,FC Bayern München,31,"1,73",Abwehr - Innenverteidigung,220.000 €,21/22,09.03.2022,15.03.2022,Corona-Virus,https://www.soccerdonna.de/de/magdalena-eriksson/profil/spieler_7497.html
6 Tuva Hansen,FC Bayern München,27,"1,65",Abwehr,75.000 €,00/00,00.00.0000,00.00.0000,No injury info,https://www.soccerdonna.de/de/tuva-hansen/profil/spieler_20033.html
7 Giulia Gwinn,FC Bayern München,25,"1,72",Abwehr - rechte Verteidigung,280.000 €,22/23,05.10.2022,23.08.2023,Kreuzbandriss,https://www.soccerdonna.de/de/giulia-gwinn/profil/spieler_19254.html
7 Giulia Gwinn,FC Bayern München,25,"1,72",Abwehr - rechte Verteidigung,280.000 €,22/23,26.08.2022,10.09.2022,Knieprobleme,https://www.soccerdonna.de/de/giulia-gwinn/profil/spieler_19254.html
7 Giulia Gwinn,FC Bayern München,25,"1,72",Abwehr - rechte Verteidigung,280.000 €,21/22,25.01.2022,06.02.2022,Corona-Virus,https://www.soccerdonna.de/de/giulia-gwinn/profil/spieler_19254.html
7 Giulia Gwinn,FC Bayern München,25,"1,72",Abwehr - rechte Verteidigung,280.000 €,20/21,19.09.2020,30.06.2021,Kreuzbandriss,https://www.soccerdonna.de/de/giulia-gwinn/profil/spieler_19254.html
7 Giulia Gwinn,FC Bayern München,25,"1,72",Abwehr - rechte Verteidigung,280.000 €,16/17,23.04.2017,01.05.2017,Prellung,https://www.soccerdonna.de/de/giulia-gwinn/profil/spieler_19254.html
13 Tainara,FC Bayern München,25,"1,74",Abwehr - Innenverteidigung,20.000 €,23/24,01.01.2024,,krank,https://www.soccerdonna.de/de/tainara/profil/spieler_35805.html
13 Tainara,FC Bayern München,25,"1,74",Abwehr - Innenverteidigung,20.000 €,22/23,23.02.2023,05.03.2023,muskuläre Probleme,https://www.soccerdonna.de/de/tainara/profil/spieler_35805.html
13 Tainara,FC Bayern München,25,"1,74",Abwehr - Innenverteidigung,20.000 €,22/23,17.08.2022,07.09.2022,muskuläre Probleme,https://www.soccerdonna.de/de/tainara/profil/spieler_35805.html
15 Ana María Guzmán,FC Bayern München,19,"1,63",Abwehr - rechte Verteidigung,40.000 €,23/24,20.11.2023,28.09.2024,Knieverletzung,https://www.soccerdonna.de/de/ana-maria-guzman/profil/spieler_63171.html
19 Katharina Naschenweng,FC Bayern München,27,"1,68",Abwehr - linke Verteidigung,160.000 €,23/24,03.06.2024,,Kreuzbandriss,https://www.soccerdonna.de/de/katharina-naschenweng/profil/spieler_15066.html
19 Katharina Naschenweng,FC Bayern München,27,"1,68",Abwehr - linke Verteidigung,160.000 €,23/24,31.03.2024,01.05.2024,Knieverletzung,https://www.soccerdonna.de/de/katharina-naschenweng/profil/spieler_15066.html
19 Katharina Naschenweng,FC Bayern München,27,"1,68",Abwehr - linke Verteidigung,160.000 €,23/24,23.11.2023,30.11.2023,unbekannte Verletzung,https://www.soccerdonna.de/de/katharina-naschenweng/profil/spieler_15066.html
19 Katharina Naschenweng,FC Bayern München,27,"1,68",Abwehr - linke Verteidigung,160.000 €,18/19,31.12.2018,10.10.2019,Kreuzbandriss,https://www.soccerdonna.de/de/katharina-naschenweng/profil/spieler_15066.html
22 Magou Doucouré,FC Bayern München,24,Unknown,Abwehr - rechte Verteidigung,45.000 €,00/00,00.00.0000,00.00.0000,No injury info,https://www.soccerdonna.de/de/magou-doucoure/profil/spieler_41271.html
30 Carolin Simon,FC Bayern München,32,"1,73",Abwehr - linke Verteidigung,75.000 €,24/25,19.08.2024,21.08.2024,muskuläre Probleme,https://www.soccerdonna.de/de/carolin-simon/profil/spieler_1786.html
30 Carolin Simon,FC Bayern München,32,"1,73",Abwehr - linke Verteidigung,75.000 €,23/24,07.07.2023,02.05.2024,Kreuzbandriss,https://www.soccerdonna.de/de/carolin-simon/profil/spieler_1786.html
30 Carolin Simon,FC Bayern München,32,"1,73",Abwehr - linke Verteidigung,75.000 €,21/22,02.02.2022,28.02.2022,Corona-Virus,https://www.soccerdonna.de/de/carolin-simon/profil/spieler_1786.html
30 Carolin Simon,FC Bayern München,32,"1,73",Abwehr - linke Verteidigung,75.000 €,17/18,06.11.2017,27.11.2017,muskuläre Probleme,https://www.soccerdonna.de/de/carolin-simon/profil/spieler_1786.html
5 Luzie Zähringer,FC Bayern München,16,Unknown,Abwehr - Innenverteidigung,unbekannt,00/00,00.00.0000,00.00.0000,No injury info,https://www.soccerdonna.de/de/luzie-zaehringer/profil/spieler_86067.html
8 Lena Oberdorf,FC Bayern München,23,"1,74",Mittelfeld - defensives Mittelfeld,375.000 €,24/25,16.07.2024,,Kreuzbandriss,https://www.soccerdonna.de/de/lena-oberdorf/profil/spieler_31601.html
8 Lena Oberdorf,FC Bayern München,23,"1,74",Mittelfeld - defensives Mittelfeld,375.000 €,23/24,10.11.2023,01.12.2023,Rückenprobleme,https://www.soccerdonna.de/de/lena-oberdorf/profil/spieler_31601.html
8 Lena Oberdorf,FC Bayern München,23,"1,74",Mittelfeld - defensives Mittelfeld,375.000 €,23/24,02.10.2023,09.10.2023,Knieprobleme,https://www.soccerdonna.de/de/lena-oberdorf/profil/spieler_31601.html
8 Lena Oberdorf,FC Bayern München,23,"1,74",Mittelfeld - defensives Mittelfeld,375.000 €,23/24,07.07.2023,23.07.2023,Oberschenkelverletzung,https://www.soccerdonna.de/de/lena-oberdorf/profil/spieler_31601.html
8 Lena Oberdorf,FC Bayern München,23,"1,74",Mittelfeld - defensives Mittelfeld,375.000 €,22/23,17.03.2023,20.03.2023,Knieprellung,https://www.soccerdonna.de/de/lena-oberdorf/profil/spieler_31601.html
8 Lena Oberdorf,FC Bayern München,23,"1,74",Mittelfeld - defensives Mittelfeld,375.000 €,22/23,14.11.2022,03.12.2022,Schulterverletzung,https://www.soccerdonna.de/de/lena-oberdorf/profil/spieler_31601.html
8 Lena Oberdorf,FC Bayern München,23,"1,74",Mittelfeld - defensives Mittelfeld,375.000 €,22/23,29.08.2022,17.09.2022,grippaler Infekt,https://www.soccerdonna.de/de/lena-oberdorf/profil/spieler_31601.html
8 Lena Oberdorf,FC Bayern München,23,"1,74",Mittelfeld - defensives Mittelfeld,375.000 €,21/22,17.10.2021,31.10.2021,Schulterverletzung,https://www.soccerdonna.de/de/lena-oberdorf/profil/spieler_31601.html
10 Linda Dallmann,FC Bayern München,30,"1,58",Mittelfeld - offensives Mittelfeld,175.000 €,22/23,28.02.2023,10.09.2023,Syndesmosebandriss,https://www.soccerdonna.de/de/linda-dallmann/profil/spieler_7276.html
10 Linda Dallmann,FC Bayern München,30,"1,58",Mittelfeld - offensives Mittelfeld,175.000 €,22/23,05.12.2022,31.12.2022,muskuläre Probleme,https://www.soccerdonna.de/de/linda-dallmann/profil/spieler_7276.html
10 Linda Dallmann,FC Bayern München,30,"1,58",Mittelfeld - offensives Mittelfeld,175.000 €,21/22,25.03.2022,02.04.2022,Corona-Virus,https://www.soccerdonna.de/de/linda-dallmann/profil/spieler_7276.html
10 Linda Dallmann,FC Bayern München,30,"1,58",Mittelfeld - offensives Mittelfeld,175.000 €,18/19,21.10.2018,15.03.2019,muskuläre Probleme,https://www.soccerdonna.de/de/linda-dallmann/profil/spieler_7276.html
10 Linda Dallmann,FC Bayern München,30,"1,58",Mittelfeld - offensives Mittelfeld,175.000 €,16/17,07.10.2016,15.11.2016,Mittelfußbruch,https://www.soccerdonna.de/de/linda-dallmann/profil/spieler_7276.html
12 Sydney Lohmann,FC Bayern München,24,"1,76",Mittelfeld - offensives Mittelfeld,200.000 €,24/25,26.10.2024,19.11.2024,Knieprobleme,https://www.soccerdonna.de/de/sydney-lohmann/profil/spieler_21821.html
12 Sydney Lohmann,FC Bayern München,24,"1,76",Mittelfeld - offensives Mittelfeld,200.000 €,24/25,08.08.2024,11.08.2024,grippaler Infekt,https://www.soccerdonna.de/de/sydney-lohmann/profil/spieler_21821.html
12 Sydney Lohmann,FC Bayern München,24,"1,76",Mittelfeld - offensives Mittelfeld,200.000 €,24/25,10.07.2024,24.07.2024,muskuläre Probleme,https://www.soccerdonna.de/de/sydney-lohmann/profil/spieler_21821.html
12 Sydney Lohmann,FC Bayern München,24,"1,76",Mittelfeld - offensives Mittelfeld,200.000 €,23/24,02.10.2023,02.11.2023,Sprunggelenksverletzung,https://www.soccerdonna.de/de/sydney-lohmann/profil/spieler_21821.html
12 Sydney Lohmann,FC Bayern München,24,"1,76",Mittelfeld - offensives Mittelfeld,200.000 €,22/23,20.10.2022,23.11.2022,Knieverletzung,https://www.soccerdonna.de/de/sydney-lohmann/profil/spieler_21821.html
12 Sydney Lohmann,FC Bayern München,24,"1,76",Mittelfeld - offensives Mittelfeld,200.000 €,21/22,03.04.2022,15.04.2022,Corona-Virus,https://www.soccerdonna.de/de/sydney-lohmann/profil/spieler_21821.html
12 Sydney Lohmann,FC Bayern München,24,"1,76",Mittelfeld - offensives Mittelfeld,200.000 €,21/22,06.10.2021,26.03.2022,Hüftverletzung,https://www.soccerdonna.de/de/sydney-lohmann/profil/spieler_21821.html
14 Alara Şehitler,FC Bayern München,18,"1,73",Mittelfeld - offensives Mittelfeld,85.000 €,23/24,19.12.2023,23.01.2024,Corona-Virus,https://www.soccerdonna.de/de/alara-sehitler/profil/spieler_58636.html
16 Julia Zigiotti Olme,FC Bayern München,27,"1,60",Mittelfeld - defensives Mittelfeld,50.000 €,00/00,00.00.0000,00.00.0000,No injury info,https://www.soccerdonna.de/de/julia-zigiotti-olme/profil/spieler_27805.html
21 Pernille Harder,FC Bayern München,32,"1,69",Mittelfeld - offensives Mittelfeld,325.000 €,23/24,03.05.2024,11.05.2024,krank,https://www.soccerdonna.de/de/pernille-harder/profil/spieler_4546.html
21 Pernille Harder,FC Bayern München,32,"1,69",Mittelfeld - offensives Mittelfeld,325.000 €,23/24,08.10.2023,17.12.2023,Innenbandverletzung,https://www.soccerdonna.de/de/pernille-harder/profil/spieler_4546.html
21 Pernille Harder,FC Bayern München,32,"1,69",Mittelfeld - offensives Mittelfeld,325.000 €,22/23,12.11.2022,14.04.2023,Oberschenkelverletzung,https://www.soccerdonna.de/de/pernille-harder/profil/spieler_4546.html
25 Sarah Zadrazil,FC Bayern München,31,"1,68",Mittelfeld - defensives Mittelfeld,150.000 €,24/25,07.07.2024,06.08.2024,Fußverletzung,https://www.soccerdonna.de/de/sarah-zadrazil/profil/spieler_7153.html
25 Sarah Zadrazil,FC Bayern München,31,"1,68",Mittelfeld - defensives Mittelfeld,150.000 €,23/24,30.03.2024,03.05.2024,Muskelfaserriss,https://www.soccerdonna.de/de/sarah-zadrazil/profil/spieler_7153.html
25 Sarah Zadrazil,FC Bayern München,31,"1,68",Mittelfeld - defensives Mittelfeld,150.000 €,21/22,25.03.2022,02.04.2022,Corona-Virus,https://www.soccerdonna.de/de/sarah-zadrazil/profil/spieler_7153.html
26 Samantha Kerr,FC Bayern München,25,"1,65",Mittelfeld - zentrales Mittelfeld,45.000 €,23/24,07.10.2023,04.11.2023,unbekannte Verletzung,https://www.soccerdonna.de/de/samantha-kerr/profil/spieler_31653.html
31 Georgia Stanway,FC Bayern München,25,"1,62",Mittelfeld - zentrales Mittelfeld,340.000 €,00/00,00.00.0000,00.00.0000,No injury info,https://www.soccerdonna.de/de/georgia-stanway/profil/spieler_29343.html
27 Laura Gloning,FC Bayern München,19,"1,65",Mittelfeld,15.000 €,00/00,00.00.0000,00.00.0000,No injury info,https://www.soccerdonna.de/de/laura-gloning/profil/spieler_50044.html
10 Sarah Ernst,FC Bayern München,20,"1,63",Mittelfeld,10.000 €,00/00,00.00.0000,00.00.0000,No injury info,https://www.soccerdonna.de/de/sarah-ernst/profil/spieler_42752.html
33 Greta Hünten,FC Bayern München,17,Unknown,Mittelfeld,unbekannt,00/00,00.00.0000,00.00.0000,No injury info,https://www.soccerdonna.de/de/greta-huenten/profil/spieler_74039.html
9 Jovana Damnjanović,FC Bayern München,30,"1,70",Angriff,90.000 €,24/25,04.11.2024,10.11.2024,unbekannte Verletzung,https://www.soccerdonna.de/de/jovana-damnjanovic/profil/spieler_11637.html
9 Jovana Damnjanović,FC Bayern München,30,"1,70",Angriff,90.000 €,22/23,17.11.2022,05.03.2023,Muskelfaserriss,https://www.soccerdonna.de/de/jovana-damnjanovic/profil/spieler_11637.html
9 Jovana Damnjanović,FC Bayern München,30,"1,70",Angriff,90.000 €,21/22,13.04.2022,06.05.2022,Sprunggelenksverletzung,https://www.soccerdonna.de/de/jovana-damnjanovic/profil/spieler_11637.html
9 Jovana Damnjanović,FC Bayern München,30,"1,70",Angriff,90.000 €,21/22,25.03.2022,02.04.2022,Corona-Virus,https://www.soccerdonna.de/de/jovana-damnjanovic/profil/spieler_11637.html
9 Jovana Damnjanović,FC Bayern München,30,"1,70",Angriff,90.000 €,20/21,22.08.2020,30.06.2021,Kreuzbandriss,https://www.soccerdonna.de/de/jovana-damnjanovic/profil/spieler_11637.html
9 Jovana Damnjanović,FC Bayern München,30,"1,70",Angriff,90.000 €,17/18,28.02.2018,30.07.2018,Syndesmosebandriss,https://www.soccerdonna.de/de/jovana-damnjanovic/profil/spieler_11637.html
9 Jovana Damnjanović,FC Bayern München,30,"1,70",Angriff,90.000 €,16/17,28.04.2017,04.05.2017,Zahn-OP,https://www.soccerdonna.de/de/jovana-damnjanovic/profil/spieler_11637.html
9 Jovana Damnjanović,FC Bayern München,30,"1,70",Angriff,90.000 €,16/17,20.09.2016,30.11.2016,Mittelfußbruch,https://www.soccerdonna.de/de/jovana-damnjanovic/profil/spieler_11637.html
9 Jovana Damnjanović,FC Bayern München,30,"1,70",Angriff,90.000 €,15/16,15.07.2015,05.10.2015,Schultereckgelenkssprengung,https://www.soccerdonna.de/de/jovana-damnjanovic/profil/spieler_11637.html
11 Lea Schüller,FC Bayern München,27,"1,73",Angriff - Mittelstürmerin,325.000 €,24/25,22.10.2024,03.11.2024,Knieprobleme,https://www.soccerdonna.de/de/lea-schueller/profil/spieler_16386.html
11 Lea Schüller,FC Bayern München,27,"1,73",Angriff - Mittelstürmerin,325.000 €,24/25,05.08.2024,08.08.2024,Patellasehnenprobleme,https://www.soccerdonna.de/de/lea-schueller/profil/spieler_16386.html
11 Lea Schüller,FC Bayern München,27,"1,73",Angriff - Mittelstürmerin,325.000 €,23/24,19.12.2023,24.12.2023,Corona-Virus,https://www.soccerdonna.de/de/lea-schueller/profil/spieler_16386.html
11 Lea Schüller,FC Bayern München,27,"1,73",Angriff - Mittelstürmerin,325.000 €,22/23,06.11.2022,18.11.2022,Knieprobleme,https://www.soccerdonna.de/de/lea-schueller/profil/spieler_16386.html
11 Lea Schüller,FC Bayern München,27,"1,73",Angriff - Mittelstürmerin,325.000 €,16/17,10.11.2016,15.04.2017,Patellasehenluxation,https://www.soccerdonna.de/de/lea-schueller/profil/spieler_16386.html
17 Klara Bühl,FC Bayern München,24,"1,73",Angriff - Linksaußen,350.000 €,23/24,13.12.2023,22.01.2024,Muskelverletzung,https://www.soccerdonna.de/de/klara-buehl/profil/spieler_21658.html
17 Klara Bühl,FC Bayern München,24,"1,73",Angriff - Linksaußen,350.000 €,22/23,26.07.2022,31.07.2022,Corona-Virus,https://www.soccerdonna.de/de/klara-buehl/profil/spieler_21658.html
17 Klara Bühl,FC Bayern München,24,"1,73",Angriff - Linksaußen,350.000 €,21/22,27.03.2022,02.04.2022,Corona-Virus,https://www.soccerdonna.de/de/klara-buehl/profil/spieler_21658.html
17 Klara Bühl,FC Bayern München,24,"1,73",Angriff - Linksaußen,350.000 €,21/22,10.09.2021,05.11.2021,Bänderverletzung,https://www.soccerdonna.de/de/klara-buehl/profil/spieler_21658.html
17 Klara Bühl,FC Bayern München,24,"1,73",Angriff - Linksaußen,350.000 €,16/17,05.04.2017,20.05.2017,Bänderriss,https://www.soccerdonna.de/de/klara-buehl/profil/spieler_21658.html
20 Franziska Kett,FC Bayern München,20,"1,71",Angriff,60.000 €,24/25,25.08.2024,11.12.2024,Sprunggelenksverletzung,https://www.soccerdonna.de/de/franziska-kett/profil/spieler_38143.html
20 Franziska Kett,FC Bayern München,20,"1,71",Angriff,60.000 €,23/24,01.03.2024,06.08.2024,Muskelverletzung,https://www.soccerdonna.de/de/franziska-kett/profil/spieler_38143.html
20 Franziska Kett,FC Bayern München,20,"1,71",Angriff,60.000 €,22/23,05.04.2023,05.07.2023,Schulterverletzung,https://www.soccerdonna.de/de/franziska-kett/profil/spieler_38143.html
20 Franziska Kett,FC Bayern München,20,"1,71",Angriff,60.000 €,21/22,25.03.2022,02.04.2022,Corona-Virus,https://www.soccerdonna.de/de/franziska-kett/profil/spieler_38143.html
24 Weronika Zawistowska,FC Bayern München,25,"1,69",Angriff,50.000 €,24/25,29.08.2024,07.09.2024,krank,https://www.soccerdonna.de/de/weronika-zawistowska/profil/spieler_35447.html
24 Weronika Zawistowska,FC Bayern München,25,"1,69",Angriff,50.000 €,23/24,25.08.2023,01.08.2024,Kreuzbandriss,https://www.soccerdonna.de/de/weronika-zawistowska/profil/spieler_35447.html
1 Merle Frohms,VfL Wolfsburg,29,"1,74",Tor,135.000 €,23/24,09.10.2023,22.10.2023,Gehirnerschütterung,https://www.soccerdonna.de/de/merle-frohms/profil/spieler_5712.html
1 Merle Frohms,VfL Wolfsburg,29,"1,74",Tor,135.000 €,22/23,07.04.2023,21.04.2023,Rückenprobleme,https://www.soccerdonna.de/de/merle-frohms/profil/spieler_5712.html
1 Merle Frohms,VfL Wolfsburg,29,"1,74",Tor,135.000 €,22/23,11.08.2022,17.08.2022,Corona-Virus,https://www.soccerdonna.de/de/merle-frohms/profil/spieler_5712.html
1 Merle Frohms,VfL Wolfsburg,29,"1,74",Tor,135.000 €,18/19,20.04.2019,10.05.2019,Handverletzung,https://www.soccerdonna.de/de/merle-frohms/profil/spieler_5712.html
1 Merle Frohms,VfL Wolfsburg,29,"1,74",Tor,135.000 €,16/17,15.12.2016,12.03.2017,Meniskusverletzung,https://www.soccerdonna.de/de/merle-frohms/profil/spieler_5712.html
12 Nelly Smolarczyk,VfL Wolfsburg,17,Unknown,Tor,10.000 €,00/00,00.00.0000,00.00.0000,No injury info,https://www.soccerdonna.de/de/nelly-smolarczyk/profil/spieler_60350.html
22 Lisa Schmitz,VfL Wolfsburg,32,"1,74",Tor,30.000 €,20/21,10.10.2020,10.01.2021,Oberschenkelverletzung,https://www.soccerdonna.de/de/lisa-schmitz/profil/spieler_1703.html
30 Anneke Borbe,VfL Wolfsburg,24,"1,80",Tor,25.000 €,23/24,26.01.2024,31.01.2024,Erkältung,https://www.soccerdonna.de/de/anneke-borbe/profil/spieler_29441.html
2 Lynn Wilms,VfL Wolfsburg,24,"1,76",Abwehr - rechte Verteidigung,115.000 €,23/24,12.02.2024,22.02.2024,Rückenprobleme,https://www.soccerdonna.de/de/lynn-wilms/profil/spieler_35666.html
2 Lynn Wilms,VfL Wolfsburg,24,"1,76",Abwehr - rechte Verteidigung,115.000 €,21/22,14.02.2022,24.02.2022,Corona-Virus,https://www.soccerdonna.de/de/lynn-wilms/profil/spieler_35666.html
2 Lynn Wilms,VfL Wolfsburg,24,"1,76",Abwehr - rechte Verteidigung,115.000 €,21/22,11.08.2021,15.11.2021,Rückenverletzung,https://www.soccerdonna.de/de/lynn-wilms/profil/spieler_35666.html
3 Caitlin Dijkstra,VfL Wolfsburg,25,"1,70",Abwehr - Innenverteidigung,55.000 €,24/25,26.07.2024,05.12.2024,Sprunggelenksverletzung,https://www.soccerdonna.de/de/caitlin-dijkstra/profil/spieler_35596.html
4 Kathrin Hendrich,VfL Wolfsburg,32,"1,72",Abwehr - Innenverteidigung,125.000 €,23/24,00.00.0000,11.02.2024,unbekannte Verletzung,https://www.soccerdonna.de/de/kathrin-hendrich/profil/spieler_707.html
4 Kathrin Hendrich,VfL Wolfsburg,32,"1,72",Abwehr - Innenverteidigung,125.000 €,21/22,15.02.2022,25.02.2022,Corona-Virus,https://www.soccerdonna.de/de/kathrin-hendrich/profil/spieler_707.html
4 Kathrin Hendrich,VfL Wolfsburg,32,"1,72",Abwehr - Innenverteidigung,125.000 €,20/21,18.04.2021,31.05.2021,Knieverletzung,https://www.soccerdonna.de/de/kathrin-hendrich/profil/spieler_707.html
14 Nuria Rábano,VfL Wolfsburg,25,"1,65",Abwehr - linke Verteidigung,100.000 €,22/23,03.08.2022,08.09.2022,verstauchter Knöchel,https://www.soccerdonna.de/de/nuria-rabano/profil/spieler_15841.html
15 Diána Németh,VfL Wolfsburg,20,"1,73",Abwehr - linke Verteidigung,20.000 €,24/25,29.09.2024,02.11.2024,Knöchelverletzung,https://www.soccerdonna.de/de/diana-nemeth/profil/spieler_47404.html
15 Diána Németh,VfL Wolfsburg,20,"1,73",Abwehr - linke Verteidigung,20.000 €,24/25,22.08.2024,28.09.2024,muskuläre Probleme,https://www.soccerdonna.de/de/diana-nemeth/profil/spieler_47404.html
15 Diána Németh,VfL Wolfsburg,20,"1,73",Abwehr - linke Verteidigung,20.000 €,23/24,14.03.2024,22.03.2024,muskuläre Probleme,https://www.soccerdonna.de/de/diana-nemeth/profil/spieler_47404.html
15 Diána Németh,VfL Wolfsburg,20,"1,73",Abwehr - linke Verteidigung,20.000 €,23/24,26.01.2024,30.01.2024,Erkältung,https://www.soccerdonna.de/de/diana-nemeth/profil/spieler_47404.html
16 Camilla Küver,VfL Wolfsburg,21,"1,83",Abwehr - Innenverteidigung,30.000 €,24/25,05.08.2024,,Knieprobleme,https://www.soccerdonna.de/de/camilla-kuever/profil/spieler_33274.html
16 Camilla Küver,VfL Wolfsburg,21,"1,83",Abwehr - Innenverteidigung,30.000 €,23/24,24.01.2024,15.02.2024,muskuläre Probleme,https://www.soccerdonna.de/de/camilla-kuever/profil/spieler_33274.html
16 Camilla Küver,VfL Wolfsburg,21,"1,83",Abwehr - Innenverteidigung,30.000 €,22/23,14.04.2023,10.11.2023,Meniskusriss,https://www.soccerdonna.de/de/camilla-kuever/profil/spieler_33274.html
16 Camilla Küver,VfL Wolfsburg,21,"1,83",Abwehr - Innenverteidigung,30.000 €,21/22,13.11.2021,30.06.2022,Kreuzbandriss,https://www.soccerdonna.de/de/camilla-kuever/profil/spieler_33274.html
16 Camilla Küver,VfL Wolfsburg,21,"1,83",Abwehr - Innenverteidigung,30.000 €,18/19,28.10.2018,31.12.2018,Ellenbogenverletzung,https://www.soccerdonna.de/de/camilla-kuever/profil/spieler_33274.html
24 Joelle Wedemeyer,VfL Wolfsburg,28,"1,69",Abwehr - Innenverteidigung,60.000 €,23/24,25.01.2024,11.02.2024,Hüftprobleme,https://www.soccerdonna.de/de/joelle-wedemeyer/profil/spieler_13564.html
24 Joelle Wedemeyer,VfL Wolfsburg,28,"1,69",Abwehr - Innenverteidigung,60.000 €,16/17,02.02.2017,31.03.2017,Adduktorenverletzung,https://www.soccerdonna.de/de/joelle-wedemeyer/profil/spieler_13564.html
31 Marina Hegering,VfL Wolfsburg,34,"1,71",Abwehr - Innenverteidigung,60.000 €,23/24,31.05.2024,24.07.2024,Wadenprobleme,https://www.soccerdonna.de/de/marina-hegering/profil/spieler_692.html
31 Marina Hegering,VfL Wolfsburg,34,"1,71",Abwehr - Innenverteidigung,60.000 €,23/24,24.03.2024,08.05.2024,Muskelfaserriss,https://www.soccerdonna.de/de/marina-hegering/profil/spieler_692.html
31 Marina Hegering,VfL Wolfsburg,34,"1,71",Abwehr - Innenverteidigung,60.000 €,23/24,27.10.2023,04.11.2023,Achillessehnenprobleme,https://www.soccerdonna.de/de/marina-hegering/profil/spieler_692.html
31 Marina Hegering,VfL Wolfsburg,34,"1,71",Abwehr - Innenverteidigung,60.000 €,23/24,07.07.2023,31.07.2023,Fersenprobleme,https://www.soccerdonna.de/de/marina-hegering/profil/spieler_692.html
31 Marina Hegering,VfL Wolfsburg,34,"1,71",Abwehr - Innenverteidigung,60.000 €,22/23,14.05.2023,02.06.2023,unbekannte Verletzung,https://www.soccerdonna.de/de/marina-hegering/profil/spieler_692.html
31 Marina Hegering,VfL Wolfsburg,34,"1,71",Abwehr - Innenverteidigung,60.000 €,22/23,09.04.2023,21.04.2023,Knieprobleme,https://www.soccerdonna.de/de/marina-hegering/profil/spieler_692.html
31 Marina Hegering,VfL Wolfsburg,34,"1,71",Abwehr - Innenverteidigung,60.000 €,22/23,01.08.2022,01.11.2022,Fußverletzung,https://www.soccerdonna.de/de/marina-hegering/profil/spieler_692.html
31 Marina Hegering,VfL Wolfsburg,34,"1,71",Abwehr - Innenverteidigung,60.000 €,21/22,04.02.2022,14.05.2022,krank,https://www.soccerdonna.de/de/marina-hegering/profil/spieler_692.html
31 Marina Hegering,VfL Wolfsburg,34,"1,71",Abwehr - Innenverteidigung,60.000 €,21/22,27.09.2021,15.11.2021,krank,https://www.soccerdonna.de/de/marina-hegering/profil/spieler_692.html
31 Marina Hegering,VfL Wolfsburg,34,"1,71",Abwehr - Innenverteidigung,60.000 €,20/21,28.02.2021,22.03.2021,muskuläre Probleme,https://www.soccerdonna.de/de/marina-hegering/profil/spieler_692.html
35 Karla Brinkmann,VfL Wolfsburg,18,Unknown,Abwehr,10.000 €,00/00,00.00.0000,00.00.0000,No injury info,https://www.soccerdonna.de/de/karla-brinkmann/profil/spieler_54539.html
2 Yasu Wöhrn,VfL Wolfsburg,20,Unknown,Abwehr,unbekannt,00/00,00.00.0000,00.00.0000,No injury info,https://www.soccerdonna.de/de/yasu-woehrn/profil/spieler_42357.html
39 Sarai Linder,VfL Wolfsburg,25,"1,74",Abwehr - rechte Verteidigung,125.000 €,24/25,27.07.2024,05.08.2024,Erkältung,https://www.soccerdonna.de/de/sarai-linder/profil/spieler_21820.html
6 Janina Minge,VfL Wolfsburg,25,"1,71",Mittelfeld,130.000 €,00/00,00.00.0000,00.00.0000,No injury info,https://www.soccerdonna.de/de/janina-minge/profil/spieler_19255.html
7 Chantal Hagel,VfL Wolfsburg,26,"1,73",Mittelfeld - zentrales Mittelfeld,85.000 €,00/00,00.00.0000,00.00.0000,No injury info,https://www.soccerdonna.de/de/chantal-hagel/profil/spieler_21719.html
8 Lena Lattwein,VfL Wolfsburg,24,"1,76",Mittelfeld - zentrales Mittelfeld,150.000 €,23/24,22.02.2024,08.05.2024,Knie-OP,https://www.soccerdonna.de/de/lena-lattwein/profil/spieler_21818.html
8 Lena Lattwein,VfL Wolfsburg,24,"1,76",Mittelfeld - zentrales Mittelfeld,150.000 €,23/24,15.02.2024,22.02.2024,Knieprobleme,https://www.soccerdonna.de/de/lena-lattwein/profil/spieler_21818.html
8 Lena Lattwein,VfL Wolfsburg,24,"1,76",Mittelfeld - zentrales Mittelfeld,150.000 €,22/23,02.04.2023,02.06.2023,Schlüsselbeinbruch,https://www.soccerdonna.de/de/lena-lattwein/profil/spieler_21818.html
8 Lena Lattwein,VfL Wolfsburg,24,"1,76",Mittelfeld - zentrales Mittelfeld,150.000 €,21/22,13.02.2022,18.02.2022,Erkältung,https://www.soccerdonna.de/de/lena-lattwein/profil/spieler_21818.html
10 Svenja Huth,VfL Wolfsburg,33,"1,63",Mittelfeld - offensives Mittelfeld,70.000 €,23/24,09.05.2024,30.06.2024,unbekannte Verletzung,https://www.soccerdonna.de/de/svenja-huth/profil/spieler_792.html
10 Svenja Huth,VfL Wolfsburg,33,"1,63",Mittelfeld - offensives Mittelfeld,70.000 €,21/22,13.02.2022,23.02.2022,Corona-Virus,https://www.soccerdonna.de/de/svenja-huth/profil/spieler_792.html
10 Svenja Huth,VfL Wolfsburg,33,"1,63",Mittelfeld - offensives Mittelfeld,70.000 €,17/18,17.07.2017,02.08.2017,Muskelfaserriss,https://www.soccerdonna.de/de/svenja-huth/profil/spieler_792.html
10 Svenja Huth,VfL Wolfsburg,33,"1,63",Mittelfeld - offensives Mittelfeld,70.000 €,13/14,21.08.2013,28.02.2014,Kreuzbandriss,https://www.soccerdonna.de/de/svenja-huth/profil/spieler_792.html
13 Luca Papp,VfL Wolfsburg,22,"1,70",Mittelfeld - offensives Mittelfeld,35.000 €,00/00,00.00.0000,00.00.0000,No injury info,https://www.soccerdonna.de/de/luca-papp/profil/spieler_41201.html
17 Kristin Demann,VfL Wolfsburg,31,"1,69",Mittelfeld - defensives Mittelfeld,20.000 €,24/25,01.08.2024,,Knieprobleme,https://www.soccerdonna.de/de/kristin-demann/profil/spieler_374.html
17 Kristin Demann,VfL Wolfsburg,31,"1,69",Mittelfeld - defensives Mittelfeld,20.000 €,23/24,26.01.2024,15.02.2024,Knieprobleme,https://www.soccerdonna.de/de/kristin-demann/profil/spieler_374.html
17 Kristin Demann,VfL Wolfsburg,31,"1,69",Mittelfeld - defensives Mittelfeld,20.000 €,17/18,10.10.2017,30.11.2017,Schulterverletzung,https://www.soccerdonna.de/de/kristin-demann/profil/spieler_374.html
18 Justine Kielland,VfL Wolfsburg,22,"1,66",Mittelfeld,50.000 €,00/00,00.00.0000,00.00.0000,No injury info,https://www.soccerdonna.de/de/justine-kielland/profil/spieler_38430.html
21 Rebecka Blomqvist,VfL Wolfsburg,27,"1,67",Mittelfeld - rechtes Mittelfeld,90.000 €,23/24,10.09.2023,05.09.2024,Kreuzbandriss,https://www.soccerdonna.de/de/rebecka-blomqvist/profil/spieler_27808.html
21 Rebecka Blomqvist,VfL Wolfsburg,27,"1,67",Mittelfeld - rechtes Mittelfeld,90.000 €,21/22,25.11.2021,31.12.2021,Sprunggelenksverletzung,https://www.soccerdonna.de/de/rebecka-blomqvist/profil/spieler_27808.html
29 Jule Brand,VfL Wolfsburg,22,"1,77",Mittelfeld - offensives Mittelfeld,230.000 €,24/25,20.11.2024,10.12.2024,Sprunggelenksverletzung,https://www.soccerdonna.de/de/jule-brand/profil/spieler_33029.html
9 Lineth Beerensteyn,VfL Wolfsburg,28,"1,62",Angriff,150.000 €,23/24,23.07.2023,05.08.2023,Knöchelverletzung,https://www.soccerdonna.de/de/lineth-beerensteyn/profil/spieler_16173.html
9 Lineth Beerensteyn,VfL Wolfsburg,28,"1,62",Angriff,150.000 €,21/22,12.03.2022,20.03.2022,Corona-Virus,https://www.soccerdonna.de/de/lineth-beerensteyn/profil/spieler_16173.html
11 Alexandra Popp,VfL Wolfsburg,33,"1,74",Angriff,150.000 €,24/25,05.08.2024,08.08.2024,grippaler Infekt,https://www.soccerdonna.de/de/alexandra-popp/profil/spieler_1517.html
11 Alexandra Popp,VfL Wolfsburg,33,"1,74",Angriff,150.000 €,24/25,28.07.2024,30.07.2024,unbekannte Verletzung,https://www.soccerdonna.de/de/alexandra-popp/profil/spieler_1517.html
11 Alexandra Popp,VfL Wolfsburg,33,"1,74",Angriff,150.000 €,24/25,08.07.2024,24.07.2024,Fußverletzung,https://www.soccerdonna.de/de/alexandra-popp/profil/spieler_1517.html
11 Alexandra Popp,VfL Wolfsburg,33,"1,74",Angriff,150.000 €,23/24,15.03.2024,20.04.2024,unbekannte Verletzung,https://www.soccerdonna.de/de/alexandra-popp/profil/spieler_1517.html
11 Alexandra Popp,VfL Wolfsburg,33,"1,74",Angriff,150.000 €,22/23,31.07.2022,02.08.2022,muskuläre Probleme,https://www.soccerdonna.de/de/alexandra-popp/profil/spieler_1517.html
11 Alexandra Popp,VfL Wolfsburg,33,"1,74",Angriff,150.000 €,20/21,09.05.2021,05.03.2022,Knie-OP,https://www.soccerdonna.de/de/alexandra-popp/profil/spieler_1517.html
11 Alexandra Popp,VfL Wolfsburg,33,"1,74",Angriff,150.000 €,19/20,21.10.2019,04.12.2019,Außenbandriss Sprunggelenk,https://www.soccerdonna.de/de/alexandra-popp/profil/spieler_1517.html
11 Alexandra Popp,VfL Wolfsburg,33,"1,74",Angriff,150.000 €,17/18,28.06.2017,31.07.2017,Außenmeniskuseinriss,https://www.soccerdonna.de/de/alexandra-popp/profil/spieler_1517.html
11 Alexandra Popp,VfL Wolfsburg,33,"1,74",Angriff,150.000 €,16/17,26.04.2017,02.05.2017,allergische Reaktion,https://www.soccerdonna.de/de/alexandra-popp/profil/spieler_1517.html
11 Alexandra Popp,VfL Wolfsburg,33,"1,74",Angriff,150.000 €,16/17,01.01.2017,31.01.2017,Sehnenentzündung,https://www.soccerdonna.de/de/alexandra-popp/profil/spieler_1517.html
11 Alexandra Popp,VfL Wolfsburg,33,"1,74",Angriff,150.000 €,15/16,10.07.2015,01.08.2015,Meniskuseinriss,https://www.soccerdonna.de/de/alexandra-popp/profil/spieler_1517.html
19 Fenna Kalma,VfL Wolfsburg,25,"1,80",Angriff - Mittelstürmerin,70.000 €,00/00,00.00.0000,00.00.0000,No injury info,https://www.soccerdonna.de/de/fenna-kalma/profil/spieler_35781.html
20 Ariana Arias,VfL Wolfsburg,21,"1,72",Angriff - Mittelstürmerin,30.000 €,00/00,00.00.0000,00.00.0000,No injury info,https://www.soccerdonna.de/de/ariana-arias/profil/spieler_41593.html
23 Sveindís Jane Jónsdóttir,VfL Wolfsburg,23,"1,78",Angriff,120.000 €,23/24,09.04.2024,02.05.2024,Schulterverletzung,https://www.soccerdonna.de/de/sveindis-jane-jonsdottir/profil/spieler_46446.html
23 Sveindís Jane Jónsdóttir,VfL Wolfsburg,23,"1,78",Angriff,120.000 €,23/24,22.09.2023,01.01.2024,Patellasehnenriss,https://www.soccerdonna.de/de/sveindis-jane-jonsdottir/profil/spieler_46446.html
23 Sveindís Jane Jónsdóttir,VfL Wolfsburg,23,"1,78",Angriff,120.000 €,20/21,02.05.2021,01.06.2021,Patellasehnenprobleme,https://www.soccerdonna.de/de/sveindis-jane-jonsdottir/profil/spieler_46446.html
25 Vivien Endemann,VfL Wolfsburg,23,"1,71",Angriff - Rechtsaußen,135.000 €,00/00,00.00.0000,00.00.0000,No injury info,https://www.soccerdonna.de/de/vivien-endemann/profil/spieler_31225.html
28 Tabea Sellner,VfL Wolfsburg,28,"1,70",Angriff,50.000 €,22/23,21.10.2022,19.11.2022,Oberschenkelverletzung,https://www.soccerdonna.de/de/tabea-sellner/profil/spieler_13863.html
28 Tabea Sellner,VfL Wolfsburg,28,"1,70",Angriff,50.000 €,21/22,15.02.2022,25.02.2022,Corona-Virus,https://www.soccerdonna.de/de/tabea-sellner/profil/spieler_13863.html
1 Stina Johannes,Eintracht Frankfurt,24,"1,77",Tor,125.000 €,24/25,30.11.2024,08.12.2024,muskuläre Probleme,https://www.soccerdonna.de/de/stina-johannes/profil/spieler_30714.html
1 Stina Johannes,Eintracht Frankfurt,24,"1,77",Tor,125.000 €,23/24,25.01.2024,27.01.2024,krank,https://www.soccerdonna.de/de/stina-johannes/profil/spieler_30714.html
1 Stina Johannes,Eintracht Frankfurt,24,"1,77",Tor,125.000 €,22/23,30.07.2022,10.09.2022,Rückenprobleme,https://www.soccerdonna.de/de/stina-johannes/profil/spieler_30714.html
1 Stina Johannes,Eintracht Frankfurt,24,"1,77",Tor,125.000 €,21/22,26.08.2021,31.01.2022,Rückenverletzung,https://www.soccerdonna.de/de/stina-johannes/profil/spieler_30714.html
1 Stina Johannes,Eintracht Frankfurt,24,"1,77",Tor,125.000 €,18/19,23.09.2018,30.06.2019,Verrenkungsbruch des Sprunggelenks,https://www.soccerdonna.de/de/stina-johannes/profil/spieler_30714.html
12 Lina Altenburg,Eintracht Frankfurt,19,"1,73",Tor,25.000 €,00/00,00.00.0000,00.00.0000,No injury info,https://www.soccerdonna.de/de/lina-altenburg/profil/spieler_42354.html
21 Lea Paulick,Eintracht Frankfurt,25,"1,74",Tor,25.000 €,23/24,03.08.2023,20.01.2024,Schulterverletzung,https://www.soccerdonna.de/de/lea-paulick/profil/spieler_20534.html
5 Tomke Schneider,Eintracht Frankfurt,20,"1,64",Abwehr - Innenverteidigung,20.000 €,22/23,01.06.2023,01.10.2023,Knieprobleme,https://www.soccerdonna.de/de/tomke-schneider/profil/spieler_37979.html
5 Tomke Schneider,Eintracht Frankfurt,20,"1,64",Abwehr - Innenverteidigung,20.000 €,21/22,01.09.2021,05.06.2022,Kreuzbandriss,https://www.soccerdonna.de/de/tomke-schneider/profil/spieler_37979.html
3 Katharina Rust,Eintracht Frankfurt,19,"1,69",Abwehr - Innenverteidigung,unbekannt,00/00,00.00.0000,00.00.0000,No injury info,https://www.soccerdonna.de/de/katharina-rust/profil/spieler_41253.html
4 Sophia Kleinherne,Eintracht Frankfurt,24,"1,69",Abwehr - Innenverteidigung,150.000 €,00/00,00.00.0000,00.00.0000,No injury info,https://www.soccerdonna.de/de/sophia-kleinherne/profil/spieler_26562.html
11 Nina Lührßen,Eintracht Frankfurt,25,"1,65",Abwehr - linke Verteidigung,80.000 €,23/24,17.02.2024,09.03.2024,Nasenbeinbruch,https://www.soccerdonna.de/de/nina-luehrssen/profil/spieler_21552.html
11 Nina Lührßen,Eintracht Frankfurt,25,"1,65",Abwehr - linke Verteidigung,80.000 €,17/18,06.05.2018,28.02.2019,Kreuzbandriss,https://www.soccerdonna.de/de/nina-luehrssen/profil/spieler_21552.html
22 Nadine Riesen,Eintracht Frankfurt,24,"1,68",Abwehr,45.000 €,00/00,00.00.0000,00.00.0000,No injury info,https://www.soccerdonna.de/de/nadine-riesen/profil/spieler_28767.html
23 Sara Doorsoun,Eintracht Frankfurt,33,"1,70",Abwehr - Innenverteidigung,75.000 €,23/24,30.07.2023,30.09.2023,Oberschenkelverletzung,https://www.soccerdonna.de/de/sara-doorsoun/profil/spieler_405.html
23 Sara Doorsoun,Eintracht Frankfurt,33,"1,70",Abwehr - Innenverteidigung,75.000 €,20/21,30.08.2020,30.11.2020,Innenbandriss,https://www.soccerdonna.de/de/sara-doorsoun/profil/spieler_405.html
24 Anna Aehling,Eintracht Frankfurt,23,"1,71",Abwehr,20.000 €,23/24,30.08.2023,05.01.2024,Fußverletzung,https://www.soccerdonna.de/de/anna-aehling/profil/spieler_33309.html
25 Jella Veit,Eintracht Frankfurt,19,"1,72",Abwehr - Innenverteidigung,40.000 €,22/23,02.03.2023,25.03.2023,Fußverletzung,https://www.soccerdonna.de/de/jella-veit/profil/spieler_41286.html
29 Dilara Açikgöz,Eintracht Frankfurt,20,"1,63",Abwehr,35.000 €,24/25,07.07.2024,,Kreuzbandriss,https://www.soccerdonna.de/de/dilara-acikgoez/profil/spieler_38136.html
5 Pernille Sanvig,Eintracht Frankfurt,19,"1,63",Mittelfeld - defensives Mittelfeld,25.000 €,00/00,00.00.0000,00.00.0000,No injury info,https://www.soccerdonna.de/de/pernille-sanvig/profil/spieler_62608.html
6 Elisa Senß,Eintracht Frankfurt,27,"1,61",Mittelfeld - defensives Mittelfeld,125.000 €,23/24,31.03.2024,04.04.2024,krank,https://www.soccerdonna.de/de/elisa-senss/profil/spieler_17414.html
6 Elisa Senß,Eintracht Frankfurt,27,"1,61",Mittelfeld - defensives Mittelfeld,125.000 €,20/21,11.12.2020,25.03.2021,Schlüsselbeinbruch,https://www.soccerdonna.de/de/elisa-senss/profil/spieler_17414.html
6 Elisa Senß,Eintracht Frankfurt,27,"1,61",Mittelfeld - defensives Mittelfeld,125.000 €,16/17,11.12.2016,31.08.2017,Kreuzbandriss,https://www.soccerdonna.de/de/elisa-senss/profil/spieler_17414.html
8 Lisanne Gräwe,Eintracht Frankfurt,21,"1,61",Mittelfeld,130.000 €,00/00,00.00.0000,00.00.0000,No injury info,https://www.soccerdonna.de/de/lisanne-graewe/profil/spieler_38127.html
17 Pia-Sophie Wolter,Eintracht Frankfurt,27,"1,67",Mittelfeld,80.000 €,21/22,11.10.2021,17.09.2022,Kreuzbandriss,https://www.soccerdonna.de/de/pia-sophie-wolter/profil/spieler_17429.html
20 Ilayda Açikgöz,Eintracht Frankfurt,20,"1,63",Mittelfeld - zentrales Mittelfeld,30.000 €,23/24,03.05.2024,,Kreuzbandriss,https://www.soccerdonna.de/de/ilayda-acikgoez/profil/spieler_38137.html
27 Sophie Nachtigall,Eintracht Frankfurt,20,"1,65",Mittelfeld - offensives Mittelfeld,25.000 €,22/23,19.03.2023,01.07.2023,Knieverletzung,https://www.soccerdonna.de/de/sophie-nachtigall/profil/spieler_35735.html
28 Barbara Dunst,Eintracht Frankfurt,27,"1,68",Mittelfeld,170.000 €,24/25,03.12.2024,,Kreuzbandriss,https://www.soccerdonna.de/de/barbara-dunst/profil/spieler_15065.html
31 Tanja Pawollek,Eintracht Frankfurt,25,"1,70",Mittelfeld - defensives Mittelfeld,75.000 €,23/24,25.01.2024,05.08.2024,Kreuzbandriss,https://www.soccerdonna.de/de/tanja-pawollek/profil/spieler_21823.html
31 Tanja Pawollek,Eintracht Frankfurt,25,"1,70",Mittelfeld - defensives Mittelfeld,75.000 €,20/21,30.05.2021,01.02.2022,Kreuzbandriss,https://www.soccerdonna.de/de/tanja-pawollek/profil/spieler_21823.html
7 Lara Prašnikar,Eintracht Frankfurt,26,"1,71",Angriff,120.000 €,22/23,14.05.2023,18.05.2023,unbekannte Verletzung,https://www.soccerdonna.de/de/lara-prasnikar/profil/spieler_30537.html
10 Laura Freigang,Eintracht Frankfurt,26,"1,71",Angriff - Mittelstürmerin,210.000 €,24/25,22.10.2024,03.11.2024,Erkältung,https://www.soccerdonna.de/de/laura-freigang/profil/spieler_13992.html
10 Laura Freigang,Eintracht Frankfurt,26,"1,71",Angriff - Mittelstürmerin,210.000 €,23/24,05.04.2024,19.04.2024,Schulterverletzung,https://www.soccerdonna.de/de/laura-freigang/profil/spieler_13992.html
10 Laura Freigang,Eintracht Frankfurt,26,"1,71",Angriff - Mittelstürmerin,210.000 €,23/24,03.12.2023,09.12.2023,Leistenprobleme,https://www.soccerdonna.de/de/laura-freigang/profil/spieler_13992.html
10 Laura Freigang,Eintracht Frankfurt,26,"1,71",Angriff - Mittelstürmerin,210.000 €,22/23,16.09.2022,16.10.2022,Schulterverletzung,https://www.soccerdonna.de/de/laura-freigang/profil/spieler_13992.html
8 Marlene Wild,Eintracht Frankfurt,20,"1,72",Angriff - Mittelstürmerin,unbekannt,24/25,29.09.2024,01.11.2024,unbekannte Verletzung,https://www.soccerdonna.de/de/marlene-wild/profil/spieler_50040.html
14 Géraldine Reuteler,Eintracht Frankfurt,25,"1,63",Angriff - Mittelstürmerin,125.000 €,24/25,26.11.2024,,Wadenprobleme,https://www.soccerdonna.de/de/geraldine-reuteler/profil/spieler_26137.html
14 Géraldine Reuteler,Eintracht Frankfurt,25,"1,63",Angriff - Mittelstürmerin,125.000 €,23/24,26.01.2024,30.01.2024,Außenbandprobleme,https://www.soccerdonna.de/de/geraldine-reuteler/profil/spieler_26137.html
14 Géraldine Reuteler,Eintracht Frankfurt,25,"1,63",Angriff - Mittelstürmerin,125.000 €,20/21,29.03.2021,01.02.2022,Kreuzbandriss,https://www.soccerdonna.de/de/geraldine-reuteler/profil/spieler_26137.html
15 Remina Chiba,Eintracht Frankfurt,25,"1,62",Angriff - Mittelstürmerin,45.000 €,22/23,24.09.2022,30.04.2023,Kreuzbandriss,https://www.soccerdonna.de/de/remina-chiba/profil/spieler_43054.html
18 Johanna Berg,Eintracht Frankfurt,24,"1,75",Angriff,unbekannt,23/24,25.10.2023,05.12.2023,unbekannte Verletzung,https://www.soccerdonna.de/de/johanna-berg/profil/spieler_29584.html
19 Nicole Anyomi,Eintracht Frankfurt,24,"1,70",Angriff,190.000 €,23/24,21.12.2023,30.12.2023,Muskelverletzung,https://www.soccerdonna.de/de/nicole-anyomi/profil/spieler_25248.html
19 Nicole Anyomi,Eintracht Frankfurt,24,"1,70",Angriff,190.000 €,23/24,28.10.2023,05.11.2023,Knieprobleme,https://www.soccerdonna.de/de/nicole-anyomi/profil/spieler_25248.html
19 Nicole Anyomi,Eintracht Frankfurt,24,"1,70",Angriff,190.000 €,22/23,07.04.2023,28.04.2023,Fußverletzung,https://www.soccerdonna.de/de/nicole-anyomi/profil/spieler_25248.html
19 Nicole Anyomi,Eintracht Frankfurt,24,"1,70",Angriff,190.000 €,22/23,08.08.2022,12.08.2022,Handverletzung,https://www.soccerdonna.de/de/nicole-anyomi/profil/spieler_25248.html
19 Nicole Anyomi,Eintracht Frankfurt,24,"1,70",Angriff,190.000 €,20/21,04.07.2020,01.10.2020,Wirbelverletzung,https://www.soccerdonna.de/de/nicole-anyomi/profil/spieler_25248.html
30 Carlotta Wamser,Eintracht Frankfurt,21,"1,67",Angriff,25.000 €,22/23,24.06.2023,10.08.2023,Muskelfaserriss,https://www.soccerdonna.de/de/carlotta-wamser/profil/spieler_38132.html
30 Carlotta Wamser,Eintracht Frankfurt,21,"1,67",Angriff,25.000 €,22/23,14.08.2022,17.09.2022,Gesichtsfraktur,https://www.soccerdonna.de/de/carlotta-wamser/profil/spieler_38132.html
34 Elena Mühlemann,Eintracht Frankfurt,21,"1,66",Angriff - offensives Mittelfeld,10.000 €,00/00,00.00.0000,00.00.0000,No injury info,https://www.soccerdonna.de/de/elena-muehlemann/profil/spieler_47886.html
1 Martina Tufeković,TSG 1899 Hoffenheim,30,"1,70",Tor,60.000 €,23/24,05.11.2023,09.12.2023,Fersenverletzung,https://www.soccerdonna.de/de/martina-tufekovic/profil/spieler_2315.html
1 Martina Tufeković,TSG 1899 Hoffenheim,30,"1,70",Tor,60.000 €,19/20,21.04.2020,30.06.2020,Schulterverletzung,https://www.soccerdonna.de/de/martina-tufekovic/profil/spieler_2315.html
21 Laura Dick,TSG 1899 Hoffenheim,21,"1,77",Tor,70.000 €,23/24,14.04.2024,30.06.2024,Beckenprellung,https://www.soccerdonna.de/de/laura-dick/profil/spieler_37668.html
21 Laura Dick,TSG 1899 Hoffenheim,21,"1,77",Tor,70.000 €,23/24,01.09.2023,11.11.2023,unbekannte Verletzung,https://www.soccerdonna.de/de/laura-dick/profil/spieler_37668.html
34 Sophie Lindner,TSG 1899 Hoffenheim,22,"1,83",Tor,10.000 €,00/00,00.00.0000,00.00.0000,No injury info,https://www.soccerdonna.de/de/sophie-lindner/profil/spieler_49460.html
4 Lisann Kaut,TSG 1899 Hoffenheim,24,"1,75",Abwehr,40.000 €,23/24,16.04.2024,03.05.2024,Bänderverletzung,https://www.soccerdonna.de/de/lisann-kaut/profil/spieler_29462.html
4 Lisann Kaut,TSG 1899 Hoffenheim,24,"1,75",Abwehr,40.000 €,22/23,25.08.2022,10.12.2022,Außenbandriss Sprunggelenk,https://www.soccerdonna.de/de/lisann-kaut/profil/spieler_29462.html
5 Jamilla Rankin,TSG 1899 Hoffenheim,21,"1,70",Abwehr - linke Verteidigung,30.000 €,00/00,00.00.0000,00.00.0000,No injury info,https://www.soccerdonna.de/de/jamilla-rankin/profil/spieler_45433.html
14 Lisa Doorn,TSG 1899 Hoffenheim,24,"1,83",Abwehr - Innenverteidigung,75.000 €,23/24,26.01.2024,12.04.2024,Muskelverletzung,https://www.soccerdonna.de/de/lisa-doorn/profil/spieler_35779.html
15 Marta Cazalla,TSG 1899 Hoffenheim,27,"1,79",Abwehr - Innenverteidigung,75.000 €,00/00,00.00.0000,00.00.0000,No injury info,https://www.soccerdonna.de/de/marta-cazalla/profil/spieler_29806.html
22 Sara Ritter,TSG 1899 Hoffenheim,19,"1,69",Abwehr - Innenverteidigung,25.000 €,23/24,05.06.2024,30.08.2024,unbekannte Verletzung,https://www.soccerdonna.de/de/sara-ritter/profil/spieler_58542.html
22 Sara Ritter,TSG 1899 Hoffenheim,19,"1,69",Abwehr - Innenverteidigung,25.000 €,22/23,06.06.2023,13.10.2023,Knieverletzung,https://www.soccerdonna.de/de/sara-ritter/profil/spieler_58542.html
27 Michelle Weiß,TSG 1899 Hoffenheim,23,"1,59",Abwehr - rechte Verteidigung,20.000 €,00/00,00.00.0000,00.00.0000,No injury info,https://www.soccerdonna.de/de/michelle-weiss/profil/spieler_28722.html
8 Napsugár Sinka,TSG 1899 Hoffenheim,18,Unknown,Mittelfeld,20.000 €,00/00,00.00.0000,00.00.0000,No injury info,https://www.soccerdonna.de/de/napsugar-sinka/profil/spieler_63271.html
10 Gia Corley,TSG 1899 Hoffenheim,22,"1,59",Mittelfeld,80.000 €,23/24,18.05.2024,30.06.2024,Knieprobleme,https://www.soccerdonna.de/de/gia-corley/profil/spieler_31388.html
10 Gia Corley,TSG 1899 Hoffenheim,22,"1,59",Mittelfeld,80.000 €,23/24,30.09.2023,07.10.2023,Rippenprellung,https://www.soccerdonna.de/de/gia-corley/profil/spieler_31388.html
11 Mara Alber,TSG 1899 Hoffenheim,19,"1,78",Mittelfeld - offensives Mittelfeld,140.000 €,24/25,25.09.2024,,Knöchelbruch,https://www.soccerdonna.de/de/mara-alber/profil/spieler_53366.html
13 Isabella Hartig,TSG 1899 Hoffenheim,27,"1,71",Mittelfeld - zentrales Mittelfeld,40.000 €,22/23,01.01.2023,30.06.2024,Knieprobleme,https://www.soccerdonna.de/de/isabella-hartig/profil/spieler_13780.html
13 Isabella Hartig,TSG 1899 Hoffenheim,27,"1,71",Mittelfeld - zentrales Mittelfeld,40.000 €,21/22,07.09.2020,30.06.2021,Syndesmosebandanriss,https://www.soccerdonna.de/de/isabella-hartig/profil/spieler_13780.html
16 Dominika Grabowska,TSG 1899 Hoffenheim,26,Unknown,Mittelfeld - zentrales Mittelfeld,50.000 €,22/23,06.10.2022,31.01.2023,unbekannte Verletzung,https://www.soccerdonna.de/de/dominika-grabowska/profil/spieler_30353.html
17 Franziska Harsch,TSG 1899 Hoffenheim,27,"1,82",Mittelfeld - zentrales Mittelfeld,45.000 €,24/25,04.11.2024,,Muskelverletzung,https://www.soccerdonna.de/de/franziska-harsch/profil/spieler_15176.html
17 Franziska Harsch,TSG 1899 Hoffenheim,27,"1,82",Mittelfeld - zentrales Mittelfeld,45.000 €,23/24,23.10.2023,21.10.2023,muskuläre Probleme,https://www.soccerdonna.de/de/franziska-harsch/profil/spieler_15176.html
17 Franziska Harsch,TSG 1899 Hoffenheim,27,"1,82",Mittelfeld - zentrales Mittelfeld,45.000 €,23/24,14.09.2023,29.09.2023,muskuläre Probleme,https://www.soccerdonna.de/de/franziska-harsch/profil/spieler_15176.html
18 Julia Hickelsberger,TSG 1899 Hoffenheim,25,"1,71",Mittelfeld - offensives Mittelfeld,70.000 €,23/24,09.02.2024,17.02.2024,muskuläre Probleme,https://www.soccerdonna.de/de/julia-hickelsberger/profil/spieler_24843.html
18 Julia Hickelsberger,TSG 1899 Hoffenheim,25,"1,71",Mittelfeld - offensives Mittelfeld,70.000 €,23/24,01.09.2023,11.11.2023,Muskelverletzung,https://www.soccerdonna.de/de/julia-hickelsberger/profil/spieler_24843.html
18 Julia Hickelsberger,TSG 1899 Hoffenheim,25,"1,71",Mittelfeld - offensives Mittelfeld,70.000 €,22/23,28.02.2023,25.04.2023,Meniskusverletzung,https://www.soccerdonna.de/de/julia-hickelsberger/profil/spieler_24843.html
18 Julia Hickelsberger,TSG 1899 Hoffenheim,25,"1,71",Mittelfeld - offensives Mittelfeld,70.000 €,20/21,22.09.2020,30.01.2022,Knieverletzung,https://www.soccerdonna.de/de/julia-hickelsberger/profil/spieler_24843.html
23 Chiara Hahn,TSG 1899 Hoffenheim,22,"1,77",Mittelfeld - rechtes Mittelfeld,40.000 €,24/25,04.10.2024,01.11.2024,Bänderriss,https://www.soccerdonna.de/de/chiara-hahn/profil/spieler_31494.html
24 Féli Delacauw,TSG 1899 Hoffenheim,24,"1,73",Mittelfeld,35.000 €,00/00,00.00.0000,00.00.0000,No injury info,https://www.soccerdonna.de/de/feli-delacauw/profil/spieler_42012.html
31 Jana Feldkamp,TSG 1899 Hoffenheim,26,"1,71",Mittelfeld,60.000 €,00/00,00.00.0000,00.00.0000,No injury info,https://www.soccerdonna.de/de/jana-feldkamp/profil/spieler_18483.html
32 Vanessa Diehm,TSG 1899 Hoffenheim,20,"1,69",Mittelfeld - defensives Mittelfeld,60.000 €,22/23,15.08.2022,10.12.2022,Syndesmosebandriss,https://www.soccerdonna.de/de/vanessa-diehm/profil/spieler_38139.html
33 Fabienne Dongus,TSG 1899 Hoffenheim,30,"1,78",Mittelfeld - defensives Mittelfeld,40.000 €,24/25,01.11.2024,15.11.2024,Kopfverletzung,https://www.soccerdonna.de/de/fabienne-dongus/profil/spieler_2384.html
33 Fabienne Dongus,TSG 1899 Hoffenheim,30,"1,78",Mittelfeld - defensives Mittelfeld,40.000 €,23/24,29.04.2024,19.05.2024,Erkältung,https://www.soccerdonna.de/de/fabienne-dongus/profil/spieler_2384.html
33 Fabienne Dongus,TSG 1899 Hoffenheim,30,"1,78",Mittelfeld - defensives Mittelfeld,40.000 €,23/24,26.11.2023,03.01.2024,Rückenprobleme,https://www.soccerdonna.de/de/fabienne-dongus/profil/spieler_2384.html
33 Fabienne Dongus,TSG 1899 Hoffenheim,30,"1,78",Mittelfeld - defensives Mittelfeld,40.000 €,23/24,14.09.2023,29.09.2023,muskuläre Probleme,https://www.soccerdonna.de/de/fabienne-dongus/profil/spieler_2384.html
33 Fabienne Dongus,TSG 1899 Hoffenheim,30,"1,78",Mittelfeld - defensives Mittelfeld,40.000 €,21/22,04.03.2022,22.04.2022,Knieverletzung,https://www.soccerdonna.de/de/fabienne-dongus/profil/spieler_2384.html
33 Fabienne Dongus,TSG 1899 Hoffenheim,30,"1,78",Mittelfeld - defensives Mittelfeld,40.000 €,19/20,17.11.2019,31.12.2019,Innenbandverletzung,https://www.soccerdonna.de/de/fabienne-dongus/profil/spieler_2384.html
33 Fabienne Dongus,TSG 1899 Hoffenheim,30,"1,78",Mittelfeld - defensives Mittelfeld,40.000 €,16/17,25.04.2017,18.05.2017,Muskelfaserriss,https://www.soccerdonna.de/de/fabienne-dongus/profil/spieler_2384.html
7 Erëleta Memeti,TSG 1899 Hoffenheim,25,"1,61",Angriff - Linksaußen,75.000 €,23/24,16.04.2024,01.05.2024,Bänderverletzung,https://www.soccerdonna.de/de/erleta-memeti/profil/spieler_31638.html
9 Jill Janssens,TSG 1899 Hoffenheim,21,"1,64",Angriff,70.000 €,00/00,00.00.0000,00.00.0000,No injury info,https://www.soccerdonna.de/de/jill-janssens/profil/spieler_43206.html
19 Marie Steiner,TSG 1899 Hoffenheim,19,"1,55",Angriff,20.000 €,24/25,01.11.2024,15.11.2024,Kopfverletzung,https://www.soccerdonna.de/de/marie-steiner/profil/spieler_58536.html
19 Marie Steiner,TSG 1899 Hoffenheim,19,"1,55",Angriff,20.000 €,22/23,01.05.2023,01.09.2023,Syndesmosebandriss,https://www.soccerdonna.de/de/marie-steiner/profil/spieler_58536.html
25 Melissa Kössler,TSG 1899 Hoffenheim,24,"1,78",Angriff,90.000 €,24/25,02.11.2024,16.12.2024,Knieprobleme,https://www.soccerdonna.de/de/melissa-koessler/profil/spieler_26428.html
25 Melissa Kössler,TSG 1899 Hoffenheim,24,"1,78",Angriff,90.000 €,23/24,30.10.2023,17.02.2024,Syndesmosebandriss,https://www.soccerdonna.de/de/melissa-koessler/profil/spieler_26428.html
25 Melissa Kössler,TSG 1899 Hoffenheim,24,"1,78",Angriff,90.000 €,23/24,30.09.2023,30.10.2023,Bänderanriss Sprunggelenk,https://www.soccerdonna.de/de/melissa-koessler/profil/spieler_26428.html
29 Selina Cerci,TSG 1899 Hoffenheim,24,"1,71",Angriff,120.000 €,21/22,06.03.2022,31.01.2023,Kreuzbandriss,https://www.soccerdonna.de/de/selina-cerci/profil/spieler_26657.html
1 Charlotte Voll,Bayer 04 Leverkusen,25,"1,78",Tor,20.000 €,23/24,06.06.2024,31.10.2024,Schulterverletzung,https://www.soccerdonna.de/de/charlotte-voll/profil/spieler_21830.html
27 Friederike Repohl,Bayer 04 Leverkusen,30,"1,79",Tor,60.000 €,16/17,29.09.2016,30.11.2016,Sprunggelenksverletzung,https://www.soccerdonna.de/de/friederike-repohl/profil/spieler_5.html
27 Friederike Repohl,Bayer 04 Leverkusen,30,"1,79",Tor,60.000 €,12/13,15.10.2013,28.02.2014,Kreuzbandriss,https://www.soccerdonna.de/de/friederike-repohl/profil/spieler_5.html
27 Friederike Repohl,Bayer 04 Leverkusen,30,"1,79",Tor,60.000 €,11/12,19.01.2012,24.08.2012,Kreuzbandriss,https://www.soccerdonna.de/de/friederike-repohl/profil/spieler_5.html
34 Anne Moll,Bayer 04 Leverkusen,19,"1,71",Tor,15.000 €,00/00,00.00.0000,00.00.0000,No injury info,https://www.soccerdonna.de/de/anne-moll/profil/spieler_53365.html
2 Selina Ostermeier,Bayer 04 Leverkusen,25,"1,77",Abwehr - Innenverteidigung,45.000 €,00/00,00.00.0000,00.00.0000,No injury info,https://www.soccerdonna.de/de/selina-ostermeier/profil/spieler_21205.html
3 Melissa Friedrich,Bayer 04 Leverkusen,27,"1,73",Abwehr - Innenverteidigung,30.000 €,23/24,17.02.2024,16.11.2024,Bänderriss Sprunggelenk,https://www.soccerdonna.de/de/melissa-friedrich/profil/spieler_18936.html
3 Melissa Friedrich,Bayer 04 Leverkusen,27,"1,73",Abwehr - Innenverteidigung,30.000 €,22/23,14.05.2023,21.05.2023,grippaler Infekt,https://www.soccerdonna.de/de/melissa-friedrich/profil/spieler_18936.html
3 Melissa Friedrich,Bayer 04 Leverkusen,27,"1,73",Abwehr - Innenverteidigung,30.000 €,18/19,24.11.2019,30.06.2020,Kreuzbandriss,https://www.soccerdonna.de/de/melissa-friedrich/profil/spieler_18936.html
4 Emilie Bragstad,Bayer 04 Leverkusen,23,"1,88",Abwehr - Innenverteidigung,55.000 €,00/00,00.00.0000,00.00.0000,No injury info,https://www.soccerdonna.de/de/emilie-bragstad/profil/spieler_35218.html
5 Janou Levels,Bayer 04 Leverkusen,24,"1,60",Abwehr - linke Verteidigung,90.000 €,23/24,10.12.2023,08.03.2024,Hüftverletzung,https://www.soccerdonna.de/de/janou-levels/profil/spieler_35660.html
12 Julia Mickenhagen,Bayer 04 Leverkusen,19,"1,72",Abwehr,25.000 €,00/00,00.00.0000,00.00.0000,No injury info,https://www.soccerdonna.de/de/julia-mickenhagen/profil/spieler_50596.html
21 Sofía Cava Marin,Bayer 04 Leverkusen,20,"1,73",Abwehr - Innenverteidigung,10.000 €,24/25,24.10.2024,,Kreuzbandriss,https://www.soccerdonna.de/de/sofia-cava-marin/profil/spieler_39680.html
24 Lilla Turányi,Bayer 04 Leverkusen,26,"1,75",Abwehr - Innenverteidigung,55.000 €,00/00,00.00.0000,00.00.0000,No injury info,https://www.soccerdonna.de/de/lilla-turanyi/profil/spieler_32714.html
6 Katharina Piljić,Bayer 04 Leverkusen,21,"1,71",Mittelfeld - defensives Mittelfeld,55.000 €,22/23,30.10.2022,11.12.2022,unbekannte Verletzung,https://www.soccerdonna.de/de/katharina-piljic/profil/spieler_37208.html
8 Paulina Bartz,Bayer 04 Leverkusen,19,"1,71",Mittelfeld,25.000 €,24/25,01.11.2024,,krank,https://www.soccerdonna.de/de/paulina-bartz/profil/spieler_49861.html
10 Synne Skinnes Hansen,Bayer 04 Leverkusen,29,"1,71",Mittelfeld - rechtes Mittelfeld,35.000 €,24/25,07.10.2024,,Oberschenkelverletzung,https://www.soccerdonna.de/de/synne-skinnes-hansen/profil/spieler_18549.html
10 Synne Skinnes Hansen,Bayer 04 Leverkusen,29,"1,71",Mittelfeld - rechtes Mittelfeld,35.000 €,19/20,01.05.2020,31.10.2020,unbekannte Verletzung,https://www.soccerdonna.de/de/synne-skinnes-hansen/profil/spieler_18549.html
16 Sofie Zdebel,Bayer 04 Leverkusen,20,"1,60",Mittelfeld - defensives Mittelfeld,70.000 €,00/00,00.00.0000,00.00.0000,No injury info,https://www.soccerdonna.de/de/sofie-zdebel/profil/spieler_37553.html
17 Julie Aune Jorde,Bayer 04 Leverkusen,20,"1,64",Mittelfeld,30.000 €,00/00,00.00.0000,00.00.0000,No injury info,https://www.soccerdonna.de/de/julie-aune-jorde/profil/spieler_47782.html
18 Karólína Lea Vilhjálmsdóttir,Bayer 04 Leverkusen,23,"1,77",Mittelfeld - offensives Mittelfeld,125.000 €,21/22,25.03.2022,02.04.2022,Corona-Virus,https://www.soccerdonna.de/de/karolina-lea-vilhjalmsdottir/profil/spieler_35074.html
28 Menglu Shen,Bayer 04 Leverkusen,22,"1,62",Mittelfeld,30.000 €,00/00,00.00.0000,00.00.0000,No injury info,https://www.soccerdonna.de/de/menglu-shen/profil/spieler_61026.html
30 Ida Daedelow,Bayer 04 Leverkusen,17,Unknown,Mittelfeld,20.000 €,00/00,00.00.0000,00.00.0000,No injury info,https://www.soccerdonna.de/de/ida-daedelow/profil/spieler_66959.html
56 Juliette Vidal,Bayer 04 Leverkusen,25,"1,77",Mittelfeld - defensives Mittelfeld,30.000 €,00/00,00.00.0000,00.00.0000,No injury info,https://www.soccerdonna.de/de/juliette-vidal/profil/spieler_68511.html
7 Cornelia Kramer,Bayer 04 Leverkusen,22,Unknown,Angriff - Linksaußen,125.000 €,23/24,01.03.2024,19.04.2024,unbekannte Verletzung,https://www.soccerdonna.de/de/cornelia-kramer/profil/spieler_37288.html
9 Caroline Kehrer,Bayer 04 Leverkusen,27,"1,77",Angriff - Mittelstürmerin,55.000 €,00/00,00.00.0000,00.00.0000,No injury info,https://www.soccerdonna.de/de/caroline-kehrer/profil/spieler_49474.html
11 Kristin Kögel,Bayer 04 Leverkusen,25,"1,56",Angriff - Linksaußen,70.000 €,00/00,00.00.0000,00.00.0000,No injury info,https://www.soccerdonna.de/de/kristin-koegel/profil/spieler_21208.html
13 Vanessa Haim,Bayer 04 Leverkusen,27,"1,57",Angriff,15.000 €,00/00,00.00.0000,00.00.0000,No injury info,https://www.soccerdonna.de/de/vanessa-haim/profil/spieler_19510.html
19 Loreen Bender,Bayer 04 Leverkusen,19,"1,68",Angriff - Linksaußen,55.000 €,00/00,00.00.0000,00.00.0000,No injury info,https://www.soccerdonna.de/de/loreen-bender/profil/spieler_50449.html
20 Estrella Merino Gonzalez,Bayer 04 Leverkusen,18,"1,60",Angriff - Mittelstürmerin,30.000 €,00/00,00.00.0000,00.00.0000,No injury info,https://www.soccerdonna.de/de/estrella-merino-gonzalez/profil/spieler_59893.html
23 Delice Boboy,Bayer 04 Leverkusen,18,"1,70",Angriff - Mittelstürmerin,15.000 €,00/00,00.00.0000,00.00.0000,No injury info,https://www.soccerdonna.de/de/delice-boboy/profil/spieler_59969.html
1 Lena Nuding,SC Freiburg,31,"1,84",Tor,25.000 €,16/17,03.11.2016,10.11.2016,Muskelverletzung,https://www.soccerdonna.de/de/lena-nuding/profil/spieler_2373.html
12 Rafaela Borggräfe,SC Freiburg,24,Unknown,Tor,40.000 €,24/25,02.11.2024,07.11.2024,krank,https://www.soccerdonna.de/de/rafaela-borggraefe/profil/spieler_26890.html
12 Rafaela Borggräfe,SC Freiburg,24,Unknown,Tor,40.000 €,22/23,31.01.2023,28.02.2023,krank,https://www.soccerdonna.de/de/rafaela-borggraefe/profil/spieler_26890.html
29 Julia Kassen,SC Freiburg,22,"1,79",Tor,25.000 €,00/00,00.00.0000,00.00.0000,No injury info,https://www.soccerdonna.de/de/julia-kassen/profil/spieler_31273.html
33 Rebecca Adamczyk,SC Freiburg,19,"1,74",Tor,25.000 €,00/00,00.00.0000,00.00.0000,No injury info,https://www.soccerdonna.de/de/rebecca-adamczyk/profil/spieler_45441.html
2 Lisa Karl,SC Freiburg,27,"1,68",Abwehr - rechte Verteidigung,35.000 €,16/17,19.07.2016,31.05.2017,Kreuzbandriss,https://www.soccerdonna.de/de/lisa-karl/profil/spieler_10241.html
2 Lisa Karl,SC Freiburg,27,"1,68",Abwehr - rechte Verteidigung,35.000 €,13/14,24.03.2014,31.12.2014,Kreuzbandriss,https://www.soccerdonna.de/de/lisa-karl/profil/spieler_10241.html
3 Alina Axtmann,SC Freiburg,19,"1,72",Abwehr - Innenverteidigung,25.000 €,24/25,02.11.2024,23.11.2024,muskuläre Probleme,https://www.soccerdonna.de/de/alina-axtmann/profil/spieler_50042.html
5 Julia Stierli,SC Freiburg,27,"1,82",Abwehr - Innenverteidigung,35.000 €,23/24,26.08.2023,04.10.2023,unbekannte Verletzung,https://www.soccerdonna.de/de/julia-stierli/profil/spieler_13766.html
5 Julia Stierli,SC Freiburg,27,"1,82",Abwehr - Innenverteidigung,35.000 €,22/23,11.07.2022,13.07.2022,Magenprobleme,https://www.soccerdonna.de/de/julia-stierli/profil/spieler_13766.html
13 Nia Szenk,SC Freiburg,20,"1,57",Abwehr,25.000 €,00/00,00.00.0000,00.00.0000,No injury info,https://www.soccerdonna.de/de/nia-szenk/profil/spieler_41897.html
16 Greta Stegemann,SC Freiburg,23,"1,71",Abwehr - Innenverteidigung,40.000 €,18/19,17.11.2018,30.11.2018,Sprunggelenksverletzung,https://www.soccerdonna.de/de/greta-stegemann/profil/spieler_31408.html
21 Samantha Steuerwald,SC Freiburg,26,Unknown,Abwehr - Innenverteidigung,45.000 €,18/19,04.11.2018,30.06.2019,Kreuzbandriss,https://www.soccerdonna.de/de/samantha-steuerwald/profil/spieler_19256.html
26 Ally Gudorf,SC Freiburg,23,"1,58",Abwehr - rechtes Mittelfeld,50.000 €,22/23,03.02.2023,04.03.2023,Meniskusriss,https://www.soccerdonna.de/de/ally-gudorf/profil/spieler_31562.html
4 Meret Felde,SC Freiburg,25,"1,70",Mittelfeld,25.000 €,17/18,01.03.2018,15.04.2018,Außenbandriss,https://www.soccerdonna.de/de/meret-felde/profil/spieler_30728.html
6 Annie Karich,SC Freiburg,21,"1,75",Mittelfeld - defensives Mittelfeld,40.000 €,00/00,00.00.0000,00.00.0000,No injury info,https://www.soccerdonna.de/de/annie-karich/profil/spieler_76197.html
7 Tessa Blumenberg,SC Freiburg,19,Unknown,Mittelfeld,25.000 €,00/00,00.00.0000,00.00.0000,No injury info,https://www.soccerdonna.de/de/tessa-blumenberg/profil/spieler_50508.html
8 Selina Vobian,SC Freiburg,22,"1,67",Mittelfeld - Linksaußen,50.000 €,00/00,00.00.0000,00.00.0000,No injury info,https://www.soccerdonna.de/de/selina-vobian/profil/spieler_31528.html
15 Maj Schneider,SC Freiburg,17,Unknown,Mittelfeld,20.000 €,00/00,00.00.0000,00.00.0000,No injury info,https://www.soccerdonna.de/de/maj-schneider/profil/spieler_58633.html
19 Annabel Schasching,SC Freiburg,22,"1,63",Mittelfeld,40.000 €,00/00,00.00.0000,00.00.0000,No injury info,https://www.soccerdonna.de/de/annabel-schasching/profil/spieler_37689.html
22 Noreen Günnewig,SC Freiburg,23,"1,65",Mittelfeld - defensives Mittelfeld,25.000 €,00/00,00.00.0000,00.00.0000,No injury info,https://www.soccerdonna.de/de/noreen-guennewig/profil/spieler_31470.html
23 Miray Cin,SC Freiburg,23,"1,68",Mittelfeld - zentrales Mittelfeld,20.000 €,00/00,00.00.0000,00.00.0000,No injury info,https://www.soccerdonna.de/de/miray-cin/profil/spieler_29767.html
9 Charlotte Schmit,SC Freiburg,18,Unknown,Mittelfeld,unbekannt,00/00,00.00.0000,00.00.0000,No injury info,https://www.soccerdonna.de/de/charlotte-schmit/profil/spieler_56573.html
27 Nicole Ojukwu,SC Freiburg,19,"1,58",Mittelfeld,35.000 €,00/00,00.00.0000,00.00.0000,No injury info,https://www.soccerdonna.de/de/nicole-ojukwu/profil/spieler_56073.html
9 Shekiera Martinez,SC Freiburg,23,"1,63",Angriff,50.000 €,21/22,23.11.2021,10.12.2021,Knie-OP,https://www.soccerdonna.de/de/shekiera-martinez/profil/spieler_31819.html
9 Shekiera Martinez,SC Freiburg,23,"1,63",Angriff,50.000 €,20/21,13.03.2021,30.03.2021,Knie-OP,https://www.soccerdonna.de/de/shekiera-martinez/profil/spieler_31819.html
10 Eileen Campbell,SC Freiburg,24,"1,66",Angriff,90.000 €,24/25,19.12.2024,,Hüftverletzung,https://www.soccerdonna.de/de/eileen-campbell/profil/spieler_42232.html
10 Eileen Campbell,SC Freiburg,24,"1,66",Angriff,90.000 €,22/23,07.04.2023,16.04.2023,Kopfverletzung,https://www.soccerdonna.de/de/eileen-campbell/profil/spieler_42232.html
10 Eileen Campbell,SC Freiburg,24,"1,66",Angriff,90.000 €,20/21,15.02.2021,01.04.2021,Knieverletzung,https://www.soccerdonna.de/de/eileen-campbell/profil/spieler_42232.html
11 Hasret Kayikçi,SC Freiburg,33,"1,61",Angriff - Mittelstürmerin,30.000 €,24/25,18.08.2024,,Kreuzbandriss,https://www.soccerdonna.de/de/hasret-kayikci/profil/spieler_901.html
11 Hasret Kayikçi,SC Freiburg,33,"1,61",Angriff - Mittelstürmerin,30.000 €,18/19,08.08.2018,15.11.2018,Knieverletzung,https://www.soccerdonna.de/de/hasret-kayikci/profil/spieler_901.html
11 Hasret Kayikçi,SC Freiburg,33,"1,61",Angriff - Mittelstürmerin,30.000 €,16/17,28.10.2016,10.12.2016,Sehnenriss,https://www.soccerdonna.de/de/hasret-kayikci/profil/spieler_901.html
17 Svenja Fölmli,SC Freiburg,22,"1,70",Angriff - Mittelstürmerin,50.000 €,23/24,20.11.2023,,Kreuzbandriss,https://www.soccerdonna.de/de/svenja-foelmli/profil/spieler_36431.html
17 Svenja Fölmli,SC Freiburg,22,"1,70",Angriff - Mittelstürmerin,50.000 €,22/23,31.10.2022,31.08.2023,Kreuzbandriss,https://www.soccerdonna.de/de/svenja-foelmli/profil/spieler_36431.html
17 Svenja Fölmli,SC Freiburg,22,"1,70",Angriff - Mittelstürmerin,50.000 €,22/23,11.07.2022,13.07.2022,Magenprobleme,https://www.soccerdonna.de/de/svenja-foelmli/profil/spieler_36431.html
18 Lisa Kolb,SC Freiburg,23,Unknown,Angriff,30.000 €,23/24,13.05.2024,,Achillessehnenprobleme,https://www.soccerdonna.de/de/lisa-kolb/profil/spieler_31062.html
20 Leela Egli,SC Freiburg,18,Unknown,Angriff,35.000 €,23/24,03.04.2024,01.10.2024,Fußverletzung,https://www.soccerdonna.de/de/leela-egli/profil/spieler_71006.html
28 Cora Zicai,SC Freiburg,20,"1,76",Angriff,100.000 €,22/23,10.03.2023,21.05.2023,Leistenprobleme,https://www.soccerdonna.de/de/cora-zicai/profil/spieler_37202.html
11 Nora Scherer,SC Freiburg,19,Unknown,Angriff,unbekannt,00/00,00.00.0000,00.00.0000,No injury info,https://www.soccerdonna.de/de/nora-scherer/profil/spieler_59856.html
1 Sophia Winkler,SGS Essen,21,"1,75",Tor,70.000 €,00/00,00.00.0000,00.00.0000,No injury info,https://www.soccerdonna.de/de/sophia-winkler/profil/spieler_35389.html
24 Pia Lucassen,SGS Essen,18,"1,70",Tor,10.000 €,22/23,11.05.2023,01.08.2023,Handverletzung,https://www.soccerdonna.de/de/pia-lucassen/profil/spieler_70737.html
27 Aline Allmann,SGS Essen,30,"1,69",Tor,10.000 €,00/00,00.00.0000,00.00.0000,No injury info,https://www.soccerdonna.de/de/aline-allmann/profil/spieler_15697.html
31 Kim Sindermann,SGS Essen,23,"1,70",Tor,25.000 €,18/19,04.03.2019,31.10.2019,Kreuzbandriss,https://www.soccerdonna.de/de/kim-sindermann/profil/spieler_31407.html
3 Mailin Tenhagen,SGS Essen,17,"1,79",Abwehr,10.000 €,00/00,00.00.0000,00.00.0000,No injury info,https://www.soccerdonna.de/de/mailin-tenhagen/profil/spieler_67791.html
4 Valentina Kröll,SGS Essen,22,"1,74",Abwehr - Innenverteidigung,25.000 €,21/22,28.01.2022,30.06.2022,Achillessehnenriss,https://www.soccerdonna.de/de/valentina-kroell/profil/spieler_36444.html
5 Paula Flach,SGS Essen,21,"1,63",Abwehr - linke Verteidigung,15.000 €,00/00,00.00.0000,00.00.0000,No injury info,https://www.soccerdonna.de/de/paula-flach/profil/spieler_41005.html
15 Laura Pucks,SGS Essen,20,"1,80",Abwehr - Innenverteidigung,45.000 €,00/00,00.00.0000,00.00.0000,No injury info,https://www.soccerdonna.de/de/laura-pucks/profil/spieler_41800.html
16 Jacqueline Meißner,SGS Essen,30,"1,68",Abwehr - Innenverteidigung,40.000 €,22/23,17.09.2022,02.10.2022,Corona-Virus,https://www.soccerdonna.de/de/jacqueline-meissner/profil/spieler_6906.html
16 Jacqueline Meißner,SGS Essen,30,"1,68",Abwehr - Innenverteidigung,40.000 €,14/15,09.02.2015,15.02.2015,Magen-Darm-Grippe,https://www.soccerdonna.de/de/jacqueline-meissner/profil/spieler_6906.html
18 Lena Ostermeier,SGS Essen,28,"1,67",Abwehr - linke Verteidigung,40.000 €,00/00,00.00.0000,00.00.0000,No injury info,https://www.soccerdonna.de/de/lena-ostermeier/profil/spieler_16380.html
19 Beke Sterner,SGS Essen,21,"1,64",Abwehr - rechte Verteidigung,80.000 €,00/00,00.00.0000,00.00.0000,No injury info,https://www.soccerdonna.de/de/beke-sterner/profil/spieler_39272.html
28 Lany Mia Bäcker,SGS Essen,16,Unknown,Abwehr - Innenverteidigung,10.000 €,00/00,00.00.0000,00.00.0000,No injury info,https://www.soccerdonna.de/de/lany-mia-baecker/profil/spieler_74963.html
2 Julie Terlinden,SGS Essen,17,"1,69",Mittelfeld - Rechtsaußen,10.000 €,00/00,00.00.0000,00.00.0000,No injury info,https://www.soccerdonna.de/de/julie-terlinden/profil/spieler_74002.html
6 Jette ter Horst,SGS Essen,22,Unknown,Mittelfeld,25.000 €,00/00,00.00.0000,00.00.0000,No injury info,https://www.soccerdonna.de/de/jette-ter-horst/profil/spieler_33294.html
7 Lilli Purtscheller,SGS Essen,21,"1,71",Mittelfeld - offensives Mittelfeld,60.000 €,21/22,02.04.2022,01.01.2023,Kreuzbandriss,https://www.soccerdonna.de/de/lilli-purtscheller/profil/spieler_36747.html
8 Vanessa Fürst,SGS Essen,23,"1,62",Mittelfeld - defensives Mittelfeld,25.000 €,22/23,27.11.2022,11.12.2022,Nasenbeinbruch,https://www.soccerdonna.de/de/vanessa-fuerst/profil/spieler_31468.html
8 Vanessa Fürst,SGS Essen,23,"1,62",Mittelfeld - defensives Mittelfeld,25.000 €,19/20,16.02.2020,01.04.2020,Innenbandanriss,https://www.soccerdonna.de/de/vanessa-fuerst/profil/spieler_31468.html
10 Natasha Kowalski,SGS Essen,21,"1,70",Mittelfeld - offensives Mittelfeld,125.000 €,00/00,00.00.0000,00.00.0000,No injury info,https://www.soccerdonna.de/de/natasha-kowalski/profil/spieler_32864.html
14 Emely Joester,SGS Essen,20,"1,60",Mittelfeld,20.000 €,00/00,00.00.0000,00.00.0000,No injury info,https://www.soccerdonna.de/de/emely-joester/profil/spieler_41808.html
17 Annalena Rieke,SGS Essen,25,"1,72",Mittelfeld - zentrales Mittelfeld,50.000 €,00/00,00.00.0000,00.00.0000,No injury info,https://www.soccerdonna.de/de/annalena-rieke/profil/spieler_21341.html
21 Anja Pfluger,SGS Essen,31,"1,63",Mittelfeld - defensives Mittelfeld,30.000 €,00/00,00.00.0000,00.00.0000,No injury info,https://www.soccerdonna.de/de/anja-pfluger/profil/spieler_9501.html
23 Julia Debitzki,SGS Essen,33,"1,72",Mittelfeld - defensives Mittelfeld,20.000 €,17/18,08.11.2017,31.05.2018,Kreuzbandriss,https://www.soccerdonna.de/de/julia-debitzki/profil/spieler_364.html
25 Paulina Platner,SGS Essen,19,"1,66",Mittelfeld,40.000 €,24/25,10.08.2024,30.08.2024,Fußverletzung,https://www.soccerdonna.de/de/paulina-platner/profil/spieler_58472.html
9 Ramona Maier,SGS Essen,29,"1,66",Angriff - Mittelstürmerin,50.000 €,21/22,07.07.2021,07.09.2021,Operation am Knöchel,https://www.soccerdonna.de/de/ramona-maier/profil/spieler_26603.html
11 Laureta Elmazi,SGS Essen,21,"1,75",Angriff - Linksaußen,65.000 €,22/23,16.10.2022,11.12.2022,Achillessehnenprobleme,https://www.soccerdonna.de/de/laureta-elmazi/profil/spieler_37206.html
13 Maike Berentzen,SGS Essen,27,"1,70",Angriff - Linksaußen,35.000 €,23/24,05.03.2024,22.11.2024,Kreuzbandriss,https://www.soccerdonna.de/de/maike-berentzen/profil/spieler_14059.html
20 Leonie Köpp,SGS Essen,17,"1,64",Angriff,20.000 €,00/00,00.00.0000,00.00.0000,No injury info,https://www.soccerdonna.de/de/leonie-koepp/profil/spieler_63855.html
22 Felicitas Kockmann,SGS Essen,20,"1,78",Angriff - Mittelstürmerin,10.000 €,22/23,02.10.2022,30.06.2023,Patellasehnenprobleme,https://www.soccerdonna.de/de/felicitas-kockmann/profil/spieler_51815.html
28 Kassandra Potsi,SGS Essen,16,"1,70",Angriff,10.000 €,00/00,00.00.0000,00.00.0000,No injury info,https://www.soccerdonna.de/de/kassandra-potsi/profil/spieler_84479.html
29 Annika Enderle,SGS Essen,24,"1,72",Angriff,30.000 €,00/00,00.00.0000,00.00.0000,No injury info,https://www.soccerdonna.de/de/annika-enderle/profil/spieler_26709.html
1 Livia Peng,SV Werder Bremen,22,"1,74",Tor,90.000 €,20/21,08.08.2020,15.10.2020,Armbruch,https://www.soccerdonna.de/de/livia-peng/profil/spieler_34499.html
25 Johanna Wende,SV Werder Bremen,21,"1,76",Tor,15.000 €,00/00,00.00.0000,00.00.0000,No injury info,https://www.soccerdonna.de/de/johanna-wende/profil/spieler_32527.html
48 Diede Lemey,SV Werder Bremen,28,"1,69",Tor,25.000 €,00/00,00.00.0000,00.00.0000,No injury info,https://www.soccerdonna.de/de/diede-lemey/profil/spieler_17132.html
77 Catalina Pérez,SV Werder Bremen,30,"1,73",Tor,25.000 €,24/25,24.07.2024,,Meniskusverletzung,https://www.soccerdonna.de/de/catalina-perez/profil/spieler_27899.html
77 Catalina Pérez,SV Werder Bremen,30,"1,73",Tor,25.000 €,23/24,25.01.2024,30.06.2024,Kreuzbandriss,https://www.soccerdonna.de/de/catalina-perez/profil/spieler_27899.html
5 Michelle Ulbrich,SV Werder Bremen,28,"1,75",Abwehr - Innenverteidigung,55.000 €,21/22,13.03.2022,26.03.2022,Corona-Virus,https://www.soccerdonna.de/de/michelle-ulbrich/profil/spieler_14031.html
5 Michelle Ulbrich,SV Werder Bremen,28,"1,75",Abwehr - Innenverteidigung,55.000 €,17/18,01.05.2018,31.07.2018,Meniskusverletzung,https://www.soccerdonna.de/de/michelle-ulbrich/profil/spieler_14031.html
14 Michaela Brandenburg,SV Werder Bremen,27,"1,68",Abwehr - rechte Verteidigung,30.000 €,00/00,00.00.0000,00.00.0000,No injury info,https://www.soccerdonna.de/de/michaela-brandenburg/profil/spieler_12219.html
21 Caroline Siems,SV Werder Bremen,25,"1,64",Abwehr - rechte Verteidigung,30.000 €,22/23,06.02.2023,30.06.2023,Achillessehnenprobleme,https://www.soccerdonna.de/de/caroline-siems/profil/spieler_21827.html
21 Caroline Siems,SV Werder Bremen,25,"1,64",Abwehr - rechte Verteidigung,30.000 €,17/18,20.04.2018,01.09.2019,Knorpelschaden,https://www.soccerdonna.de/de/caroline-siems/profil/spieler_21827.html
23 Hanna Németh,SV Werder Bremen,26,"1,80",Abwehr,35.000 €,00/00,00.00.0000,00.00.0000,No injury info,https://www.soccerdonna.de/de/hanna-nemeth/profil/spieler_51933.html
24 Lara Schmidt,SV Werder Bremen,24,"1,80",Abwehr,40.000 €,19/20,16.06.2020,01.09.2020,Hüftverletzung,https://www.soccerdonna.de/de/lara-schmidt/profil/spieler_29347.html
39 Jette Behrens,SV Werder Bremen,18,"1,73",Abwehr - Innenverteidigung,10.000 €,23/24,11.04.2024,,Bänderriss,https://www.soccerdonna.de/de/jette-behrens/profil/spieler_51590.html
6 Reena Wichmann,SV Werder Bremen,26,"1,71",Mittelfeld - rechtes Mittelfeld,30.000 €,24/25,14.12.2024,,Innenbandriss,https://www.soccerdonna.de/de/reena-wichmann/profil/spieler_18489.html
6 Reena Wichmann,SV Werder Bremen,26,"1,71",Mittelfeld - rechtes Mittelfeld,30.000 €,22/23,24.03.2023,01.03.2024,Kreuzbandriss,https://www.soccerdonna.de/de/reena-wichmann/profil/spieler_18489.html
8 Amira Arfaoui,SV Werder Bremen,25,"1,62",Mittelfeld,40.000 €,23/24,08.04.2024,30.06.2024,Knieverletzung,https://www.soccerdonna.de/de/amira-arfaoui/profil/spieler_27851.html
13 Ricarda Walkling,SV Werder Bremen,27,"1,60",Mittelfeld - zentrales Mittelfeld,50.000 €,23/24,11.04.2024,31.08.2024,Innenbandriss Knie,https://www.soccerdonna.de/de/ricarda-walkling/profil/spieler_13788.html
13 Ricarda Walkling,SV Werder Bremen,27,"1,60",Mittelfeld - zentrales Mittelfeld,50.000 €,13/14,08.12.2013,28.02.2014,Syndesmosebandanriss,https://www.soccerdonna.de/de/ricarda-walkling/profil/spieler_13788.html
16 Emőke Pápai,SV Werder Bremen,21,"1,68",Mittelfeld - rechtes Mittelfeld,45.000 €,00/00,00.00.0000,00.00.0000,No injury info,https://www.soccerdonna.de/de/emke-papai/profil/spieler_47405.html
17 Amira Dahl,SV Werder Bremen,18,"1,71",Mittelfeld,10.000 €,00/00,00.00.0000,00.00.0000,No injury info,https://www.soccerdonna.de/de/amira-dahl/profil/spieler_58644.html
18 Lina Hausicke,SV Werder Bremen,26,"1,76",Mittelfeld - zentrales Mittelfeld,45.000 €,23/24,17.02.2024,,Kreuzbandriss,https://www.soccerdonna.de/de/lina-hausicke/profil/spieler_14022.html
18 Lina Hausicke,SV Werder Bremen,26,"1,76",Mittelfeld - zentrales Mittelfeld,45.000 €,20/21,15.10.2020,08.03.2021,Knieverletzung,https://www.soccerdonna.de/de/lina-hausicke/profil/spieler_14022.html
19 Saskia Matheis,SV Werder Bremen,27,"1,70",Mittelfeld - zentrales Mittelfeld,30.000 €,20/21,28.08.2020,31.12.2020,Meniskusverletzung,https://www.soccerdonna.de/de/saskia-matheis/profil/spieler_7292.html
19 Saskia Matheis,SV Werder Bremen,27,"1,70",Mittelfeld - zentrales Mittelfeld,30.000 €,19/20,04.09.2019,01.08.2020,Innenbandriss Knie,https://www.soccerdonna.de/de/saskia-matheis/profil/spieler_7292.html
22 Rieke Dieckmann,SV Werder Bremen,28,"1,67",Mittelfeld,25.000 €,23/24,11.04.2024,04.05.2024,Knieverletzung,https://www.soccerdonna.de/de/rieke-dieckmann/profil/spieler_15387.html
27 Sharon Beck,SV Werder Bremen,29,"1,80",Mittelfeld - zentrales Mittelfeld,45.000 €,23/24,02.05.2024,,Kreuzbandriss,https://www.soccerdonna.de/de/sharon-beck/profil/spieler_8331.html
27 Sharon Beck,SV Werder Bremen,29,"1,80",Mittelfeld - zentrales Mittelfeld,45.000 €,16/17,13.10.2016,10.11.2016,Knieverletzung,https://www.soccerdonna.de/de/sharon-beck/profil/spieler_8331.html
28 Juliane Wirtz,SV Werder Bremen,23,"1,73",Mittelfeld - zentrales Mittelfeld,40.000 €,24/25,29.11.2024,,Sprunggelenksverletzung,https://www.soccerdonna.de/de/juliane-wirtz/profil/spieler_30506.html
29 Melina Kunkel,SV Werder Bremen,18,"1,65",Mittelfeld,20.000 €,22/23,22.11.2022,30.06.2023,Kreuzbandriss,https://www.soccerdonna.de/de/melina-kunkel/profil/spieler_50884.html
7 Amani Mahmoud,SV Werder Bremen,19,Unknown,Mittelfeld,unbekannt,00/00,00.00.0000,00.00.0000,No injury info,https://www.soccerdonna.de/de/amani-mahmoud/profil/spieler_50431.html
37 Lena Dahms,SV Werder Bremen,18,"1,73",Mittelfeld - linkes Mittelfeld,10.000 €,00/00,00.00.0000,00.00.0000,No injury info,https://www.soccerdonna.de/de/lena-dahms/profil/spieler_62498.html
7 Larissa Mühlhaus,SV Werder Bremen,21,"1,79",Angriff,45.000 €,00/00,00.00.0000,00.00.0000,No injury info,https://www.soccerdonna.de/de/larissa-muehlhaus/profil/spieler_32481.html
9 Sophie Weidauer,SV Werder Bremen,22,"1,68",Angriff,75.000 €,00/00,00.00.0000,00.00.0000,No injury info,https://www.soccerdonna.de/de/sophie-weidauer/profil/spieler_32938.html
10 Tuana Mahmoud,SV Werder Bremen,21,"1,67",Angriff - Linksaußen,60.000 €,23/24,27.08.2023,10.12.2023,Syndesmosebandriss,https://www.soccerdonna.de/de/tuana-mahmoud/profil/spieler_32921.html
10 Tuana Mahmoud,SV Werder Bremen,21,"1,67",Angriff - Linksaußen,60.000 €,21/22,13.03.2022,26.03.2022,Corona-Virus,https://www.soccerdonna.de/de/tuana-mahmoud/profil/spieler_32921.html
11 Maja Sternad,SV Werder Bremen,21,"1,70",Angriff,40.000 €,21/22,13.03.2022,26.03.2022,Corona-Virus,https://www.soccerdonna.de/de/maja-sternad/profil/spieler_38130.html
31 Verena Wieder,SV Werder Bremen,24,"1,75",Angriff,30.000 €,23/24,21.05.2024,,Meniskusriss,https://www.soccerdonna.de/de/verena-wieder/profil/spieler_30387.html
31 Verena Wieder,SV Werder Bremen,24,"1,75",Angriff,30.000 €,21/22,11.03.2022,26.03.2023,Kreuzbandanriss,https://www.soccerdonna.de/de/verena-wieder/profil/spieler_30387.html
31 Verena Wieder,SV Werder Bremen,24,"1,75",Angriff,30.000 €,19/20,18.01.2020,30.11.2020,Kreuzbandriss,https://www.soccerdonna.de/de/verena-wieder/profil/spieler_30387.html
1 Elvira Herzog,RasenBallsport Leipzig,24,"1,79",Tor,55.000 €,22/23,07.06.2023,18.06.2023,Corona-Virus,https://www.soccerdonna.de/de/elvira-herzog/profil/spieler_30076.html
25 Eve Boettcher,RasenBallsport Leipzig,19,"1,88",Tor,10.000 €,00/00,00.00.0000,00.00.0000,No injury info,https://www.soccerdonna.de/de/eve-boettcher/profil/spieler_41750.html
28 Lina von Schrader,RasenBallsport Leipzig,20,"1,77",Tor,20.000 €,00/00,00.00.0000,00.00.0000,No injury info,https://www.soccerdonna.de/de/lina-von-schrader/profil/spieler_58177.html
2 Frederike Kempe,RasenBallsport Leipzig,27,"1,70",Abwehr - Innenverteidigung,30.000 €,18/19,26.02.2019,31.12.2019,Kreuzbandriss,https://www.soccerdonna.de/de/frederike-kempe/profil/spieler_17359.html
3 Josefine Schaller,RasenBallsport Leipzig,22,"1,62",Abwehr - rechte Verteidigung,15.000 €,23/24,20.01.2024,,Kreuzbandriss,https://www.soccerdonna.de/de/josefine-schaller/profil/spieler_39505.html
4 Nina Räcke,RasenBallsport Leipzig,23,"1,74",Abwehr - Innenverteidigung,25.000 €,00/00,00.00.0000,00.00.0000,No injury info,https://www.soccerdonna.de/de/nina-raecke/profil/spieler_29640.html
5 Julia Magerl,RasenBallsport Leipzig,21,"1,72",Abwehr,40.000 €,00/00,00.00.0000,00.00.0000,No injury info,https://www.soccerdonna.de/de/julia-magerl/profil/spieler_36446.html
16 Michela Croatto,RasenBallsport Leipzig,22,"1,64",Abwehr - linke Verteidigung,35.000 €,00/00,00.00.0000,00.00.0000,No injury info,https://www.soccerdonna.de/de/michela-croatto/profil/spieler_37273.html
20 Victoria Krug,RasenBallsport Leipzig,26,"1,68",Abwehr - Innenverteidigung,40.000 €,00/00,00.00.0000,00.00.0000,No injury info,https://www.soccerdonna.de/de/victoria-krug/profil/spieler_21089.html
21 Julia Landenberger,RasenBallsport Leipzig,21,"1,78",Abwehr - Innenverteidigung,60.000 €,00/00,00.00.0000,00.00.0000,No injury info,https://www.soccerdonna.de/de/julia-landenberger/profil/spieler_38128.html
29 Julia Pollak,RasenBallsport Leipzig,22,"1,72",Abwehr - linke Verteidigung,30.000 €,20/21,02.05.2021,30.06.2021,Innenbandriss Sprunggelenk,https://www.soccerdonna.de/de/julia-pollak/profil/spieler_31402.html
30 Lara Marti,RasenBallsport Leipzig,25,"1,62",Abwehr - linke Verteidigung,40.000 €,23/24,22.02.2024,11.04.2024,Muskelverletzung,https://www.soccerdonna.de/de/lara-marti/profil/spieler_27687.html
30 Lara Marti,RasenBallsport Leipzig,25,"1,62",Abwehr - linke Verteidigung,40.000 €,22/23,11.07.2022,13.07.2022,Magenprobleme,https://www.soccerdonna.de/de/lara-marti/profil/spieler_27687.html
17 Sarah Dittrich,RasenBallsport Leipzig,19,Unknown,Abwehr - rechte Verteidigung,unbekannt,00/00,00.00.0000,00.00.0000,No injury info,https://www.soccerdonna.de/de/sarah-dittrich/profil/spieler_38140.html
24 Steffi Schmid,RasenBallsport Leipzig,19,"1,72",Abwehr,15.000 €,00/00,00.00.0000,00.00.0000,No injury info,https://www.soccerdonna.de/de/steffi-schmid/profil/spieler_62113.html
6 Lou-Ann Joly,RasenBallsport Leipzig,22,"1,60",Mittelfeld - zentrales Mittelfeld,45.000 €,00/00,00.00.0000,00.00.0000,No injury info,https://www.soccerdonna.de/de/lou-ann-joly/profil/spieler_41272.html
13 Sandra Starke,RasenBallsport Leipzig,31,"1,65",Mittelfeld - zentrales Mittelfeld,40.000 €,22/23,31.08.2022,15.10.2022,Muskelfaserriss,https://www.soccerdonna.de/de/sandra-starke/profil/spieler_1845.html
19 Jenny Hipp,RasenBallsport Leipzig,26,"1,67",Mittelfeld - zentrales Mittelfeld,35.000 €,23/24,16.02.2024,10.03.2024,unbekannte Verletzung,https://www.soccerdonna.de/de/jenny-hipp/profil/spieler_17440.html
26 Luca Graf,RasenBallsport Leipzig,25,"1,60",Mittelfeld - zentrales Mittelfeld,30.000 €,00/00,00.00.0000,00.00.0000,No injury info,https://www.soccerdonna.de/de/luca-graf/profil/spieler_21368.html
33 Zoè Werner,RasenBallsport Leipzig,19,"1,66",Mittelfeld,10.000 €,23/24,10.03.2024,30.06.2024,Muskelfaserriss im Adduktorenbereich,https://www.soccerdonna.de/de/zo-werner/profil/spieler_58539.html
7 Giovanna Hoffmann,RasenBallsport Leipzig,26,"1,78",Angriff - Rechtsaußen,90.000 €,20/21,26.10.2020,30.06.2021,Kreuzbandriss,https://www.soccerdonna.de/de/giovanna-hoffmann/profil/spieler_18478.html
9 Katja Wienerroither,RasenBallsport Leipzig,22,"1,76",Angriff - Mittelstürmerin,20.000 €,23/24,15.09.2023,,Adduktorenbeschwerden,https://www.soccerdonna.de/de/katja-wienerroither/profil/spieler_33568.html
9 Katja Wienerroither,RasenBallsport Leipzig,22,"1,76",Angriff - Mittelstürmerin,20.000 €,22/23,01.01.2023,30.04.2023,unbekannte Verletzung,https://www.soccerdonna.de/de/katja-wienerroither/profil/spieler_33568.html
10 Vanessa Fudalla,RasenBallsport Leipzig,23,"1,53",Angriff,90.000 €,22/23,25.04.2023,20.08.2023,Operation,https://www.soccerdonna.de/de/vanessa-fudalla/profil/spieler_29535.html
11 Barbara Brecht,RasenBallsport Leipzig,25,"1,79",Angriff - Mittelstürmerin,30.000 €,00/00,00.00.0000,00.00.0000,No injury info,https://www.soccerdonna.de/de/barbara-brecht/profil/spieler_19509.html
14 Marleen Schimmer,RasenBallsport Leipzig,24,"1,68",Angriff,45.000 €,00/00,00.00.0000,00.00.0000,No injury info,https://www.soccerdonna.de/de/marleen-schimmer/profil/spieler_30740.html
17 Lydia Andrade,RasenBallsport Leipzig,25,"1,67",Angriff,55.000 €,24/25,09.12.2024,,Sprunggelenksverletzung,https://www.soccerdonna.de/de/lydia-andrade/profil/spieler_30715.html
23 Kyra Spitzner,RasenBallsport Leipzig,19,"1,74",Angriff,20.000 €,23/24,26.11.2023,01.05.2024,Mittelfußbruch,https://www.soccerdonna.de/de/kyra-spitzner/profil/spieler_62587.html
27 Marlene Müller,RasenBallsport Leipzig,24,"1,68",Angriff - Rechtsaußen,40.000 €,00/00,00.00.0000,00.00.0000,No injury info,https://www.soccerdonna.de/de/marlene-mueller/profil/spieler_28253.html
32 Mia Werner,RasenBallsport Leipzig,19,"1,68",Angriff,10.000 €,00/00,00.00.0000,00.00.0000,No injury info,https://www.soccerdonna.de/de/mia-werner/profil/spieler_62588.html
1 Jasmin Pal,1. FC Köln,28,"1,74",Tor,40.000 €,24/25,10.11.2024,,Rückenverletzung,https://www.soccerdonna.de/de/jasmin-pal/profil/spieler_12407.html
1 Jasmin Pal,1. FC Köln,28,"1,74",Tor,40.000 €,24/25,03.07.2024,16.08.2024,Rückenprobleme,https://www.soccerdonna.de/de/jasmin-pal/profil/spieler_12407.html
1 Jasmin Pal,1. FC Köln,28,"1,74",Tor,40.000 €,21/22,13.01.2022,20.06.2022,Kreuzbandanriss,https://www.soccerdonna.de/de/jasmin-pal/profil/spieler_12407.html
12 Paula Hoppe,1. FC Köln,18,"1,70",Tor,25.000 €,24/25,28.09.2024,14.10.2024,Hüftprobleme,https://www.soccerdonna.de/de/paula-hoppe/profil/spieler_58627.html
24 Josefine Osigus,1. FC Köln,20,Unknown,Tor,25.000 €,00/00,00.00.0000,00.00.0000,No injury info,https://www.soccerdonna.de/de/josefine-osigus/profil/spieler_37975.html
1 Elena Barenberg,1. FC Köln,17,Unknown,Tor,unbekannt,00/00,00.00.0000,00.00.0000,No injury info,https://www.soccerdonna.de/de/elena-barenberg/profil/spieler_76011.html
4 Sara Agrež,1. FC Köln,24,"1,72",Abwehr - linke Verteidigung,30.000 €,22/23,28.10.2022,31.10.2022,Corona-Virus,https://www.soccerdonna.de/de/sara-agrez/profil/spieler_33600.html
5 Celina Degen,1. FC Köln,23,"1,76",Abwehr - Innenverteidigung,35.000 €,24/25,22.09.2024,14.10.2024,muskuläre Probleme,https://www.soccerdonna.de/de/celina-degen/profil/spieler_31061.html
14 Carlotta Imping,1. FC Köln,21,"1,68",Abwehr,20.000 €,00/00,00.00.0000,00.00.0000,No injury info,https://www.soccerdonna.de/de/carlotta-imping/profil/spieler_36907.html
15 Amelie Bohnen,1. FC Köln,23,"1,70",Abwehr - Innenverteidigung,20.000 €,00/00,00.00.0000,00.00.0000,No injury info,https://www.soccerdonna.de/de/amelie-bohnen/profil/spieler_33028.html
20 Sylwia Matysik,1. FC Köln,27,"1,72",Abwehr - rechte Verteidigung,40.000 €,21/22,05.02.2022,15.03.2022,Innenbandverletzung,https://www.soccerdonna.de/de/sylwia-matysik/profil/spieler_23654.html
21 Anna Gerhardt,1. FC Köln,26,"1,67",Abwehr,30.000 €,19/20,03.06.2020,31.12.2020,Kreuzbandriss,https://www.soccerdonna.de/de/anna-gerhardt/profil/spieler_17437.html
21 Anna Gerhardt,1. FC Köln,26,"1,67",Abwehr,30.000 €,17/18,21.08.2017,07.08.2018,Kreuzbandriss,https://www.soccerdonna.de/de/anna-gerhardt/profil/spieler_17437.html
21 Anna Gerhardt,1. FC Köln,26,"1,67",Abwehr,30.000 €,16/17,01.03.2017,03.05.2017,Außenbandanriss Sprunggelenk,https://www.soccerdonna.de/de/anna-gerhardt/profil/spieler_17437.html
25 Laura Donhauser,1. FC Köln,23,"1,60",Abwehr,30.000 €,00/00,00.00.0000,00.00.0000,No injury info,https://www.soccerdonna.de/de/laura-donhauser/profil/spieler_31389.html
28 Janina Hechler,1. FC Köln,25,"1,74",Abwehr,30.000 €,00/00,00.00.0000,00.00.0000,No injury info,https://www.soccerdonna.de/de/janina-hechler/profil/spieler_26690.html
6 Lotta Cordes,1. FC Köln,23,"1,72",Mittelfeld,35.000 €,23/24,02.03.2024,20.10.2024,Knieverletzung,https://www.soccerdonna.de/de/lotta-cordes/profil/spieler_31698.html
8 Laura Vogt,1. FC Köln,23,Unknown,Mittelfeld - defensives Mittelfeld,45.000 €,00/00,00.00.0000,00.00.0000,No injury info,https://www.soccerdonna.de/de/laura-vogt/profil/spieler_31483.html
9 Adriana Achcińska,1. FC Köln,22,Unknown,Mittelfeld - zentrales Mittelfeld,30.000 €,23/24,23.01.2024,14.04.2024,Fußverletzung,https://www.soccerdonna.de/de/adriana-achciska/profil/spieler_35159.html
9 Adriana Achcińska,1. FC Köln,22,Unknown,Mittelfeld - zentrales Mittelfeld,30.000 €,22/23,05.03.2023,10.10.2023,Knie-OP,https://www.soccerdonna.de/de/adriana-achciska/profil/spieler_35159.html
11 Alena Bienz,1. FC Köln,21,"1,63",Mittelfeld,20.000 €,00/00,00.00.0000,00.00.0000,No injury info,https://www.soccerdonna.de/de/alena-bienz/profil/spieler_43215.html
16 Lilith Schmidt,1. FC Köln,18,"1,62",Mittelfeld - zentrales Mittelfeld,10.000 €,00/00,00.00.0000,00.00.0000,No injury info,https://www.soccerdonna.de/de/lilith-schmidt/profil/spieler_58632.html
18 Taylor Ziemer,1. FC Köln,26,"1,75",Mittelfeld,35.000 €,00/00,00.00.0000,00.00.0000,No injury info,https://www.soccerdonna.de/de/taylor-ziemer/profil/spieler_38274.html
26 Martyna Wiankowska,1. FC Köln,28,Unknown,Mittelfeld - linkes Mittelfeld,45.000 €,24/25,24.07.2024,06.10.2024,Muskelverletzung,https://www.soccerdonna.de/de/martyna-wiankowska/profil/spieler_30321.html
27 Laura Feiersinger,1. FC Köln,31,"1,67",Mittelfeld - offensives Mittelfeld,35.000 €,21/22,11.10.2021,25.10.2021,unbekannte Verletzung,https://www.soccerdonna.de/de/laura-feiersinger/profil/spieler_480.html
27 Laura Feiersinger,1. FC Köln,31,"1,67",Mittelfeld - offensives Mittelfeld,35.000 €,16/17,01.02.2017,10.04.2017,Achillesfersenprobleme,https://www.soccerdonna.de/de/laura-feiersinger/profil/spieler_480.html
27 Laura Feiersinger,1. FC Köln,31,"1,67",Mittelfeld - offensives Mittelfeld,35.000 €,13/14,11.03.2014,11.09.2014,Schien- und Wadenbeinbruch,https://www.soccerdonna.de/de/laura-feiersinger/profil/spieler_480.html
7 Anna-Lena Stolze,1. FC Köln,24,"1,70",Angriff,20.000 €,24/25,01.09.2024,,Kreuzbandverletzung,https://www.soccerdonna.de/de/anna-lena-stolze/profil/spieler_21828.html
7 Anna-Lena Stolze,1. FC Köln,24,"1,70",Angriff,20.000 €,22/23,08.10.2022,22.04.2023,Mittelfußbruch,https://www.soccerdonna.de/de/anna-lena-stolze/profil/spieler_21828.html
17 Nicole Billa,1. FC Köln,28,"1,68",Angriff,70.000 €,00/00,00.00.0000,00.00.0000,No injury info,https://www.soccerdonna.de/de/nicole-billa/profil/spieler_10271.html
19 Dóra Zeller,1. FC Köln,29,"1,66",Angriff - Linksaußen,45.000 €,00/00,00.00.0000,00.00.0000,No injury info,https://www.soccerdonna.de/de/dora-zeller/profil/spieler_8813.html
29 Vanessa Leimenstoll,1. FC Köln,23,"1,67",Angriff,30.000 €,23/24,13.01.2024,01.02.2024,Gehirnerschütterung,https://www.soccerdonna.de/de/vanessa-leimenstoll/profil/spieler_33329.html
1 Anna Terestyényi,1. FFC Turbine Potsdam,23,Unknown,Tor,20.000 €,00/00,00.00.0000,00.00.0000,No injury info,https://www.soccerdonna.de/de/anna-terestyenyi/profil/spieler_39886.html
29 Lesley Lergenmüller,1. FFC Turbine Potsdam,19,Unknown,Tor,10.000 €,00/00,00.00.0000,00.00.0000,No injury info,https://www.soccerdonna.de/de/lesley-lergenmueller/profil/spieler_42571.html
30 Vanessa Fischer,1. FFC Turbine Potsdam,26,"1,82",Tor,35.000 €,22/23,18.03.2023,19.08.2023,Handbruch,https://www.soccerdonna.de/de/vanessa-fischer/profil/spieler_15174.html
30 Vanessa Fischer,1. FFC Turbine Potsdam,26,"1,82",Tor,35.000 €,20/21,17.12.2020,01.05.2021,Schulterverletzung,https://www.soccerdonna.de/de/vanessa-fischer/profil/spieler_15174.html
2 Shahar Nakav,1. FFC Turbine Potsdam,27,Unknown,Abwehr - linke Verteidigung,20.000 €,24/25,11.10.2024,,Patellasehenluxation,https://www.soccerdonna.de/de/shahar-nakav/profil/spieler_30309.html
3 Karin Heisen,1. FFC Turbine Potsdam,26,"1,71",Abwehr,10.000 €,00/00,00.00.0000,00.00.0000,No injury info,https://www.soccerdonna.de/de/karin-heisen/profil/spieler_37941.html
4 Irena Kuznezov,1. FFC Turbine Potsdam,22,Unknown,Abwehr,30.000 €,24/25,11.10.2024,01.11.2024,krank,https://www.soccerdonna.de/de/irena-kuznezov/profil/spieler_46441.html
5 Lina Vianden,1. FFC Turbine Potsdam,22,"1,75",Abwehr - Innenverteidigung,20.000 €,21/22,15.10.2021,01.02.2023,Knieverletzung,https://www.soccerdonna.de/de/lina-vianden/profil/spieler_32163.html
6 Mia Schmid,1. FFC Turbine Potsdam,19,"1,73",Abwehr - Innenverteidigung,20.000 €,00/00,00.00.0000,00.00.0000,No injury info,https://www.soccerdonna.de/de/mia-schmid/profil/spieler_73108.html
13 Marike Dommasch,1. FFC Turbine Potsdam,18,Unknown,Abwehr,10.000 €,24/25,11.10.2024,17.10.2024,krank,https://www.soccerdonna.de/de/marike-dommasch/profil/spieler_51555.html
20 Bianca Schmidt,1. FFC Turbine Potsdam,34,"1,74",Abwehr - rechte Verteidigung,15.000 €,24/25,06.10.2024,21.11.2024,Zehenbruch,https://www.soccerdonna.de/de/bianca-schmidt/profil/spieler_1697.html
25 Suya Haering,1. FFC Turbine Potsdam,19,"1,71",Abwehr,10.000 €,00/00,00.00.0000,00.00.0000,No injury info,https://www.soccerdonna.de/de/suya-haering/profil/spieler_78953.html
27 Flavia Lüscher,1. FFC Turbine Potsdam,21,"1,75",Abwehr - Innenverteidigung,20.000 €,00/00,00.00.0000,00.00.0000,No injury info,https://www.soccerdonna.de/de/flavia-luescher/profil/spieler_40525.html
31 Emilie Bernhardt,1. FFC Turbine Potsdam,22,"1,69",Abwehr - Innenverteidigung,20.000 €,21/22,14.06.2022,01.05.2023,Kreuzbandriss,https://www.soccerdonna.de/de/emilie-bernhardt/profil/spieler_33457.html
8 Kim Schneider,1. FFC Turbine Potsdam,21,Unknown,Mittelfeld - offensives Mittelfeld,20.000 €,24/25,11.10.2024,17.10.2024,krank,https://www.soccerdonna.de/de/kim-schneider/profil/spieler_32213.html
11 Jennifer Cramer,1. FFC Turbine Potsdam,31,"1,68",Mittelfeld,25.000 €,20/21,27.02.2021,15.04.2021,muskuläre Probleme,https://www.soccerdonna.de/de/jennifer-cramer/profil/spieler_329.html
11 Jennifer Cramer,1. FFC Turbine Potsdam,31,"1,68",Mittelfeld,25.000 €,15/16,12.08.2015,30.06.2016,Sprunggelenksverletzung,https://www.soccerdonna.de/de/jennifer-cramer/profil/spieler_329.html
11 Jennifer Cramer,1. FFC Turbine Potsdam,31,"1,68",Mittelfeld,25.000 €,13/14,04.10.2013,30.11.2013,Syndesmosebandriss,https://www.soccerdonna.de/de/jennifer-cramer/profil/spieler_329.html
14 Sara Ito,1. FFC Turbine Potsdam,23,"1,58",Mittelfeld,30.000 €,00/00,00.00.0000,00.00.0000,No injury info,https://www.soccerdonna.de/de/sara-ito/profil/spieler_37754.html
16 Maya Hahn,1. FFC Turbine Potsdam,23,"1,73",Mittelfeld - zentrales Mittelfeld,20.000 €,22/23,05.03.2023,16.04.2023,Bänderriss Sprunggelenk,https://www.soccerdonna.de/de/maya-hahn/profil/spieler_37804.html
19 Alisa Grincenco,1. FFC Turbine Potsdam,20,Unknown,Mittelfeld - offensives Mittelfeld,25.000 €,00/00,00.00.0000,00.00.0000,No injury info,https://www.soccerdonna.de/de/alisa-grincenco/profil/spieler_37472.html
24 Caroline Krawczyk,1. FFC Turbine Potsdam,27,"1,64",Mittelfeld,25.000 €,00/00,00.00.0000,00.00.0000,No injury info,https://www.soccerdonna.de/de/caroline-krawczyk/profil/spieler_16039.html
28 Valentina Limani,1. FFC Turbine Potsdam,27,"1,61",Mittelfeld - offensives Mittelfeld,20.000 €,00/00,00.00.0000,00.00.0000,No injury info,https://www.soccerdonna.de/de/valentina-limani/profil/spieler_16040.html
34 Luca Scheel,1. FFC Turbine Potsdam,22,"1,63",Mittelfeld - defensives Mittelfeld,10.000 €,00/00,00.00.0000,00.00.0000,No injury info,https://www.soccerdonna.de/de/luca-scheel/profil/spieler_49338.html
50 Noa Selimhodžić,1. FFC Turbine Potsdam,21,Unknown,Mittelfeld,25.000 €,00/00,00.00.0000,00.00.0000,No injury info,https://www.soccerdonna.de/de/noa-selimhodzic/profil/spieler_46436.html
7 Ena Taslidža,1. FFC Turbine Potsdam,23,"1,72",Angriff,15.000 €,00/00,00.00.0000,00.00.0000,No injury info,https://www.soccerdonna.de/de/ena-taslidza/profil/spieler_31526.html
10 Adrijana Mori,1. FFC Turbine Potsdam,24,"1,72",Angriff,10.000 €,23/24,01.08.2023,,Kreuzbandriss,https://www.soccerdonna.de/de/adrijana-mori/profil/spieler_32652.html
10 Adrijana Mori,1. FFC Turbine Potsdam,24,"1,72",Angriff,10.000 €,22/23,18.07.2022,30.09.2022,Meniskusriss,https://www.soccerdonna.de/de/adrijana-mori/profil/spieler_32652.html
10 Adrijana Mori,1. FFC Turbine Potsdam,24,"1,72",Angriff,10.000 €,19/20,13.07.2019,26.09.2020,Kreuzbandriss,https://www.soccerdonna.de/de/adrijana-mori/profil/spieler_32652.html
17 Viktoria Schwalm,1. FFC Turbine Potsdam,27,"1,62",Angriff,25.000 €,24/25,01.10.2024,,muskuläre Probleme,https://www.soccerdonna.de/de/viktoria-schwalm/profil/spieler_16532.html
17 Viktoria Schwalm,1. FFC Turbine Potsdam,27,"1,62",Angriff,25.000 €,24/25,29.08.2024,30.09.2024,Entzündung in der Wirbelsäule,https://www.soccerdonna.de/de/viktoria-schwalm/profil/spieler_16532.html
17 Viktoria Schwalm,1. FFC Turbine Potsdam,27,"1,62",Angriff,25.000 €,20/21,20.11.2020,02.01.2022,Knieverletzung,https://www.soccerdonna.de/de/viktoria-schwalm/profil/spieler_16532.html
17 Viktoria Schwalm,1. FFC Turbine Potsdam,27,"1,62",Angriff,25.000 €,19/20,15.09.2019,31.12.2019,Schlüsselbeinbruch,https://www.soccerdonna.de/de/viktoria-schwalm/profil/spieler_16532.html
18 Emily Lemke,1. FFC Turbine Potsdam,19,"1,70",Angriff - offensives Mittelfeld,10.000 €,24/25,11.10.2024,,Sprunggelenksverletzung,https://www.soccerdonna.de/de/emily-lemke/profil/spieler_50430.html
22 Kornelia Grosicka,1. FFC Turbine Potsdam,25,Unknown,Angriff,20.000 €,00/00,00.00.0000,00.00.0000,No injury info,https://www.soccerdonna.de/de/kornelia-grosicka/profil/spieler_55129.html
23 Maria Almasri,1. FFC Turbine Potsdam,20,Unknown,Angriff,20.000 €,24/25,11.10.2024,,muskuläre Probleme,https://www.soccerdonna.de/de/maria-almasri/profil/spieler_47286.html
38 Laura Lindner,1. FFC Turbine Potsdam,30,"1,66",Angriff,20.000 €,00/00,00.00.0000,00.00.0000,No injury info,https://www.soccerdonna.de/de/laura-lindner/profil/spieler_7308.html
1 Mariella El Sherif,FC Carl Zeiss Jena,20,"1,68",Tor,30.000 €,23/24,18.05.2024,30.06.2024,Syndesmosebandanriss,https://www.soccerdonna.de/de/mariella-el-sherif/profil/spieler_42231.html
12 Sofie Lehmann,FC Carl Zeiss Jena,17,Unknown,Tor,10.000 €,00/00,00.00.0000,00.00.0000,No injury info,https://www.soccerdonna.de/de/sofie-lehmann/profil/spieler_89675.html
24 Laura Kiontke,FC Carl Zeiss Jena,35,"1,69",Tor,10.000 €,00/00,00.00.0000,00.00.0000,No injury info,https://www.soccerdonna.de/de/laura-kiontke/profil/spieler_2350.html
49 Jasmin Janning,FC Carl Zeiss Jena,19,Unknown,Tor,25.000 €,00/00,00.00.0000,00.00.0000,No injury info,https://www.soccerdonna.de/de/jasmin-janning/profil/spieler_70628.html
3 Toma Ihlenburg,FC Carl Zeiss Jena,22,"1,73",Abwehr - Innenverteidigung,30.000 €,00/00,00.00.0000,00.00.0000,No injury info,https://www.soccerdonna.de/de/toma-ihlenburg/profil/spieler_32900.html
5 Jalysa Stechemesser,FC Carl Zeiss Jena,18,"1,70",Abwehr - linke Verteidigung,10.000 €,00/00,00.00.0000,00.00.0000,No injury info,https://www.soccerdonna.de/de/jalysa-stechemesser/profil/spieler_50517.html
8 Felicia Sträßer,FC Carl Zeiss Jena,17,Unknown,Abwehr - rechte Verteidigung,25.000 €,00/00,00.00.0000,00.00.0000,No injury info,https://www.soccerdonna.de/de/felicia-straesser/profil/spieler_67789.html
14 Anja Heuschkel,FC Carl Zeiss Jena,27,"1,64",Abwehr,25.000 €,00/00,00.00.0000,00.00.0000,No injury info,https://www.soccerdonna.de/de/anja-heuschkel/profil/spieler_17352.html
15 Luise Wildner,FC Carl Zeiss Jena,21,Unknown,Abwehr,10.000 €,00/00,00.00.0000,00.00.0000,No injury info,https://www.soccerdonna.de/de/luise-wildner/profil/spieler_38131.html
16 Lisa Gora,FC Carl Zeiss Jena,20,"1,63",Abwehr - Linksaußen,25.000 €,00/00,00.00.0000,00.00.0000,No injury info,https://www.soccerdonna.de/de/lisa-gora/profil/spieler_41279.html
21 Anika Metzner,FC Carl Zeiss Jena,23,Unknown,Abwehr - Innenverteidigung,25.000 €,00/00,00.00.0000,00.00.0000,No injury info,https://www.soccerdonna.de/de/anika-metzner/profil/spieler_32127.html
27 Gwen Mummert,FC Carl Zeiss Jena,25,"1,73",Abwehr,20.000 €,00/00,00.00.0000,00.00.0000,No injury info,https://www.soccerdonna.de/de/gwen-mummert/profil/spieler_26485.html
31 Nelly Juckel,FC Carl Zeiss Jena,22,"1,62",Abwehr - linke Verteidigung,25.000 €,00/00,00.00.0000,00.00.0000,No injury info,https://www.soccerdonna.de/de/nelly-juckel/profil/spieler_31294.html
10 Merza Julević,FC Carl Zeiss Jena,34,"1,78",Mittelfeld,15.000 €,00/00,00.00.0000,00.00.0000,No injury info,https://www.soccerdonna.de/de/merza-julevic/profil/spieler_862.html
17 Nicole Woldmann,FC Carl Zeiss Jena,22,"1,71",Mittelfeld,15.000 €,22/23,19.02.2023,01.02.2024,Kreuzbandverletzung,https://www.soccerdonna.de/de/nicole-woldmann/profil/spieler_31300.html
17 Nicole Woldmann,FC Carl Zeiss Jena,22,"1,71",Mittelfeld,15.000 €,21/22,20.03.2022,01.05.2022,Sprunggelenksverletzung,https://www.soccerdonna.de/de/nicole-woldmann/profil/spieler_31300.html
17 Nicole Woldmann,FC Carl Zeiss Jena,22,"1,71",Mittelfeld,15.000 €,21/22,20.03.2022,01.05.2022,Sprunggelenksverletzung,https://www.soccerdonna.de/de/nicole-woldmann/profil/spieler_31300.html
17 Nicole Woldmann,FC Carl Zeiss Jena,22,"1,71",Mittelfeld,15.000 €,21/22,20.03.2022,01.05.2022,Sprunggelenksverletzung,https://www.soccerdonna.de/de/nicole-woldmann/profil/spieler_31300.html
19 Hannah Lehmann,FC Carl Zeiss Jena,20,Unknown,Mittelfeld,15.000 €,24/25,05.12.2024,,Kreuzbandriss,https://www.soccerdonna.de/de/hannah-lehmann/profil/spieler_36930.html
22 Fiona Gaißer,FC Carl Zeiss Jena,20,Unknown,Mittelfeld,20.000 €,00/00,00.00.0000,00.00.0000,No injury info,https://www.soccerdonna.de/de/fiona-gaisser/profil/spieler_50092.html
25 Noemi Gentile,FC Carl Zeiss Jena,24,Unknown,Mittelfeld - defensives Mittelfeld,25.000 €,22/23,25.09.2022,30.06.2023,Kreuzbandriss,https://www.soccerdonna.de/de/noemi-gentile/profil/spieler_21816.html
2 Bente Fischer,FC Carl Zeiss Jena,22,Unknown,Angriff - Linksaußen,25.000 €,24/25,20.07.2024,,Wadenbeinbruch,https://www.soccerdonna.de/de/bente-fischer/profil/spieler_31566.html
7 Melina Reuter,FC Carl Zeiss Jena,19,Unknown,Angriff,25.000 €,00/00,00.00.0000,00.00.0000,No injury info,https://www.soccerdonna.de/de/melina-reuter/profil/spieler_41755.html
11 Hannah Mesch,FC Carl Zeiss Jena,20,"1,68",Angriff,25.000 €,00/00,00.00.0000,00.00.0000,No injury info,https://www.soccerdonna.de/de/hannah-mesch/profil/spieler_45454.html
18 Anna Margraf,FC Carl Zeiss Jena,23,"1,77",Angriff - Rechtsaußen,20.000 €,23/24,09.12.2023,15.12.2023,unbekannte Verletzung,https://www.soccerdonna.de/de/anna-margraf/profil/spieler_38946.html
20 Luca Birkholz,FC Carl Zeiss Jena,21,"1,78",Angriff,45.000 €,00/00,00.00.0000,00.00.0000,No injury info,https://www.soccerdonna.de/de/luca-birkholz/profil/spieler_32887.html
23 Josephine Bonsu,FC Carl Zeiss Jena,25,Unknown,Angriff,25.000 €,00/00,00.00.0000,00.00.0000,No injury info,https://www.soccerdonna.de/de/josephine-bonsu/profil/spieler_26473.html
28 Emily Reske,FC Carl Zeiss Jena,19,Unknown,Angriff,15.000 €,00/00,00.00.0000,00.00.0000,No injury info,https://www.soccerdonna.de/de/emily-reske/profil/spieler_41754.html
